Date,local,visitante,resultado,local_goles_favor_avg,local_goles_contra_avg,local_tiros_avg,local_tiros_puerta_avg,local_corners_avg,local_faltas_avg,local_amarillas_avg,local_rojas_avg,local_goles_favor_last5_avg,local_goles_contra_last5_avg,local_tiros_last5_avg,local_tiros_puerta_last5_avg,local_corners_last5_avg,local_faltas_last5_avg,local_amarillas_last5_avg,local_rojas_last5_avg,local_puntos_last5_avg,local_racha_last5_avg,visitante_goles_favor_avg,visitante_goles_contra_avg,visitante_tiros_avg,visitante_tiros_puerta_avg,visitante_corners_avg,visitante_faltas_avg,visitante_amarillas_avg,visitante_rojas_avg,visitante_goles_favor_last5_avg,visitante_goles_contra_last5_avg,visitante_tiros_last5_avg,visitante_tiros_puerta_last5_avg,visitante_corners_last5_avg,visitante_faltas_last5_avg,visitante_amarillas_last5_avg,visitante_rojas_last5_avg,visitante_puntos_last5_avg,visitante_racha_last5_avg
2025-08-22,Betis,Alaves,1,1.0,1.0,12.0,4.0,3.0,13.0,1.0,0.0,1.0,1.0,12.0,4.0,3.0,13.0,1.0,0.0,1.0,0.0,2.0,1.0,15.0,4.0,10.0,15.0,0.0,0.0,2.0,1.0,15.0,4.0,10.0,15.0,0.0,0.0,3.0,1.0
2025-08-23,Mallorca,Celta,X,0.0,3.0,4.0,1.0,3.0,8.0,4.0,2.0,0.0,3.0,4.0,1.0,3.0,8.0,4.0,2.0,0.0,-1.0,0.0,2.0,11.0,3.0,9.0,15.0,3.0,0.0,0.0,2.0,11.0,3.0,9.0,15.0,3.0,0.0,0.0,-1.0
2025-08-23,Ath Madrid,Elche,X,1.0,2.0,15.0,4.0,3.0,11.0,3.0,0.0,1.0,2.0,15.0,4.0,3.0,11.0,3.0,0.0,0.0,-1.0,1.0,1.0,6.0,2.0,1.0,14.0,0.0,0.0,1.0,1.0,6.0,2.0,1.0,14.0,0.0,0.0,1.0,0.0
2025-08-23,Levante,Barcelona,2,1.0,2.0,7.0,3.0,1.0,13.0,1.0,0.0,1.0,2.0,7.0,3.0,1.0,13.0,1.0,0.0,0.0,-1.0,3.0,0.0,24.0,8.0,6.0,17.0,1.0,0.0,3.0,0.0,24.0,8.0,6.0,17.0,1.0,0.0,3.0,1.0
2025-08-24,Osasuna,Valencia,1,0.0,1.0,2.0,0.0,0.0,12.0,0.0,1.0,0.0,1.0,2.0,0.0,0.0,12.0,0.0,1.0,0.0,-1.0,1.0,1.0,18.0,2.0,8.0,5.0,1.0,0.0,1.0,1.0,18.0,2.0,8.0,5.0,1.0,0.0,1.0,0.0
2025-08-24,Sociedad,Espanol,X,1.0,1.0,13.0,3.0,7.0,11.0,2.0,0.0,1.0,1.0,13.0,3.0,7.0,11.0,2.0,0.0,1.0,0.0,2.0,1.0,10.0,5.0,1.0,14.0,3.0,0.0,2.0,1.0,10.0,5.0,1.0,14.0,3.0,0.0,3.0,1.0
2025-08-24,Villarreal,Girona,1,2.0,0.0,25.0,10.0,10.0,10.0,1.0,0.0,2.0,0.0,25.0,10.0,10.0,10.0,1.0,0.0,3.0,1.0,1.0,3.0,7.0,2.0,2.0,8.0,0.0,1.0,1.0,3.0,7.0,2.0,2.0,8.0,0.0,1.0,0.0,-1.0
2025-08-24,Oviedo,Real Madrid,2,0.0,2.0,5.0,4.0,1.0,8.0,2.0,1.0,0.0,2.0,5.0,4.0,1.0,8.0,2.0,1.0,0.0,-1.0,1.0,0.0,18.0,5.0,7.0,10.0,1.0,0.0,1.0,0.0,18.0,5.0,7.0,10.0,1.0,0.0,3.0,1.0
2025-08-25,Ath Bilbao,Vallecano,1,3.0,2.0,14.0,3.0,10.0,8.0,0.0,0.0,3.0,2.0,14.0,3.0,10.0,8.0,0.0,0.0,3.0,1.0,3.0,1.0,16.0,5.0,4.0,17.0,1.0,0.0,3.0,1.0,16.0,5.0,4.0,17.0,1.0,0.0,3.0,1.0
2025-08-25,Sevilla,Getafe,2,2.0,3.0,12.0,6.0,1.0,12.0,2.0,0.0,2.0,3.0,12.0,6.0,1.0,12.0,2.0,0.0,0.0,-1.0,2.0,0.0,10.0,3.0,3.0,17.0,2.0,0.0,2.0,0.0,10.0,3.0,3.0,17.0,2.0,0.0,3.0,1.0
2025-08-27,Celta,Betis,X,0.5,1.5,9.5,2.5,6.5,13.5,3.0,0.0,0.5,1.5,9.5,2.5,6.5,13.5,3.0,0.0,0.5,-0.5,1.0,0.5,14.0,4.5,4.0,11.5,1.5,0.0,1.0,0.5,14.0,4.5,4.0,11.5,1.5,0.0,2.0,0.5
2025-08-29,Elche,Levante,1,1.0,1.0,6.0,2.0,1.5,10.5,1.5,0.0,1.0,1.0,6.0,2.0,1.5,10.5,1.5,0.0,1.0,0.0,1.5,2.5,7.5,4.0,0.5,11.5,2.0,0.0,1.5,2.5,7.5,4.0,0.5,11.5,2.0,0.0,0.0,-1.0
2025-08-29,Valencia,Getafe,1,0.5,1.0,11.0,1.5,6.0,9.0,1.0,0.5,0.5,1.0,11.0,1.5,6.0,9.0,1.0,0.5,0.5,-0.5,2.0,0.5,9.5,4.5,3.0,20.5,2.0,0.0,2.0,0.5,9.5,4.5,3.0,20.5,2.0,0.0,3.0,1.0
2025-08-30,Alaves,Ath Madrid,X,1.0,1.0,13.0,4.5,6.0,16.0,1.5,0.0,1.0,1.0,13.0,4.5,6.0,16.0,1.5,0.0,1.5,0.0,1.0,1.5,14.0,5.0,6.5,12.5,1.5,0.0,1.0,1.5,14.0,5.0,6.5,12.5,1.5,0.0,0.5,-0.5
2025-08-30,Oviedo,Sociedad,1,0.0,2.5,5.5,3.5,1.0,8.0,2.0,0.5,0.0,2.5,5.5,3.5,1.0,8.0,2.0,0.5,0.0,-1.0,1.5,1.5,14.0,5.0,6.0,13.5,2.0,0.0,1.5,1.5,14.0,5.0,6.0,13.5,2.0,0.0,1.0,0.0
2025-08-30,Girona,Sevilla,2,0.5,4.0,6.0,2.0,1.5,8.5,1.0,0.5,0.5,4.0,6.0,2.0,1.5,8.5,1.0,0.5,0.0,-1.0,1.5,2.5,12.0,4.5,3.0,11.0,2.0,0.0,1.5,2.5,12.0,4.5,3.0,11.0,2.0,0.0,0.0,-1.0
2025-08-30,Real Madrid,Mallorca,1,2.0,0.0,22.0,7.5,8.0,8.5,1.0,0.0,2.0,0.0,22.0,7.5,8.0,8.5,1.0,0.0,3.0,1.0,0.5,2.0,8.0,2.5,3.0,10.0,3.5,1.0,0.5,2.0,8.0,2.5,3.0,10.0,3.5,1.0,0.5,-0.5
2025-08-31,Celta,Villarreal,X,0.6666666666666666,1.3333333333333333,11.0,3.3333333333333335,7.666666666666667,13.333333333333334,2.3333333333333335,0.0,0.6666666666666666,1.3333333333333333,11.0,3.3333333333333335,7.666666666666667,13.333333333333334,2.3333333333333335,0.0,0.6666666666666666,-0.3333333333333333,3.5,0.0,22.0,8.5,9.0,9.0,1.0,0.0,3.5,0.0,22.0,8.5,9.0,9.0,1.0,0.0,3.0,1.0
2025-08-31,Betis,Ath Bilbao,2,1.0,0.6666666666666666,11.666666666666666,3.6666666666666665,4.0,11.333333333333334,1.6666666666666667,0.0,1.0,0.6666666666666666,11.666666666666666,3.6666666666666665,4.0,11.333333333333334,1.6666666666666667,0.0,1.6666666666666667,0.3333333333333333,2.0,1.0,12.5,3.5,6.5,10.5,0.0,0.0,2.0,1.0,12.5,3.5,6.5,10.5,0.0,0.0,3.0,1.0
2025-08-31,Espanol,Osasuna,1,2.0,1.5,12.0,4.0,1.5,16.0,2.5,0.0,2.0,1.5,12.0,4.0,1.5,16.0,2.5,0.0,2.0,0.5,0.5,0.5,9.0,2.0,1.5,13.0,1.0,0.5,0.5,0.5,9.0,2.0,1.5,13.0,1.0,0.5,1.5,0.0
2025-08-31,Vallecano,Barcelona,X,1.5,1.0,11.0,3.0,5.0,15.0,2.5,0.0,1.5,1.0,11.0,3.0,5.0,15.0,2.5,0.0,1.5,0.0,3.0,1.0,25.0,9.0,8.5,12.5,1.0,0.0,3.0,1.0,25.0,9.0,8.5,12.5,1.0,0.0,3.0,1.0
2025-09-12,Sevilla,Elche,X,1.6666666666666667,1.6666666666666667,12.333333333333334,4.333333333333333,3.0,12.0,2.0,0.0,1.6666666666666667,1.6666666666666667,12.333333333333334,4.333333333333333,3.0,12.0,2.0,0.0,1.0,-0.3333333333333333,1.3333333333333333,0.6666666666666666,9.333333333333334,3.0,2.3333333333333335,11.666666666666666,1.3333333333333333,0.0,1.3333333333333333,0.6666666666666666,9.333333333333334,3.0,2.3333333333333335,11.666666666666666,1.3333333333333333,0.0,1.6666666666666667,0.3333333333333333
2025-09-13,Getafe,Oviedo,1,1.3333333333333333,1.3333333333333333,10.0,3.3333333333333335,4.0,16.0,1.3333333333333333,0.0,1.3333333333333333,1.3333333333333333,10.0,3.3333333333333335,4.0,16.0,1.3333333333333333,0.0,2.0,0.3333333333333333,0.3333333333333333,1.6666666666666667,6.333333333333333,2.6666666666666665,1.0,7.666666666666667,2.0,0.3333333333333333,0.3333333333333333,1.6666666666666667,6.333333333333333,2.6666666666666665,1.0,7.666666666666667,2.0,0.3333333333333333,1.0,-0.3333333333333333
2025-09-13,Sociedad,Real Madrid,2,1.0,1.3333333333333333,15.333333333333334,5.333333333333333,7.333333333333333,15.0,1.6666666666666667,0.0,1.0,1.3333333333333333,15.333333333333334,5.333333333333333,7.333333333333333,15.0,1.6666666666666667,0.0,0.6666666666666666,-0.3333333333333333,2.0,0.3333333333333333,20.333333333333332,7.333333333333333,6.666666666666667,9.666666666666666,1.3333333333333333,0.0,2.0,0.3333333333333333,20.333333333333332,7.333333333333333,6.666666666666667,9.666666666666666,1.3333333333333333,0.0,3.0,1.0
2025-09-13,Ath Bilbao,Alaves,2,2.0,1.0,13.333333333333334,4.333333333333333,7.666666666666667,12.333333333333334,1.3333333333333333,0.3333333333333333,2.0,1.0,13.333333333333334,4.333333333333333,7.666666666666667,12.333333333333334,1.3333333333333333,0.3333333333333333,3.0,1.0,1.0,1.0,10.333333333333334,3.6666666666666665,4.333333333333333,14.0,1.6666666666666667,0.0,1.0,1.0,10.333333333333334,3.6666666666666665,4.333333333333333,14.0,1.6666666666666667,0.0,1.3333333333333333,0.0
2025-09-13,Ath Madrid,Villarreal,1,1.0,1.3333333333333333,14.333333333333334,5.333333333333333,6.333333333333333,14.0,2.0,0.0,1.0,1.3333333333333333,14.333333333333334,5.333333333333333,6.333333333333333,14.0,2.0,0.0,0.6666666666666666,-0.3333333333333333,2.6666666666666665,0.3333333333333333,17.333333333333332,6.666666666666667,7.666666666666667,8.666666666666666,1.0,0.0,2.6666666666666665,0.3333333333333333,17.333333333333332,6.666666666666667,7.666666666666667,8.666666666666666,1.0,0.0,2.3333333333333335,0.6666666666666666
2025-09-14,Celta,Girona,X,0.75,1.25,10.75,3.0,6.0,12.75,2.0,0.0,0.75,1.25,10.75,3.0,6.0,12.75,2.0,0.0,0.75,-0.25,0.3333333333333333,3.3333333333333335,10.666666666666666,3.0,4.666666666666667,7.333333333333333,0.6666666666666666,0.3333333333333333,0.3333333333333333,3.3333333333333335,10.666666666666666,3.0,4.666666666666667,7.333333333333333,0.6666666666666666,0.3333333333333333,0.0,-1.0
2025-09-14,Levante,Betis,X,1.0,2.3333333333333335,8.666666666666666,3.0,1.0,13.333333333333334,2.0,0.0,1.0,2.3333333333333335,8.666666666666666,3.0,1.0,13.333333333333334,2.0,0.0,0.0,-1.0,1.0,1.0,11.0,3.25,4.0,10.75,1.5,0.0,1.0,1.0,11.0,3.25,4.0,10.75,1.5,0.0,1.25,0.0
2025-09-14,Osasuna,Vallecano,1,0.3333333333333333,0.6666666666666666,9.333333333333334,2.3333333333333335,2.0,13.333333333333334,1.6666666666666667,0.3333333333333333,0.3333333333333333,0.6666666666666666,9.333333333333334,2.3333333333333335,2.0,13.333333333333334,1.6666666666666667,0.3333333333333333,1.0,-0.3333333333333333,1.3333333333333333,1.0,11.333333333333334,4.0,6.333333333333333,15.333333333333334,3.0,0.0,1.3333333333333333,1.0,11.333333333333334,4.0,6.333333333333333,15.333333333333334,3.0,0.0,1.3333333333333333,0.0
2025-09-14,Barcelona,Valencia,1,2.3333333333333335,1.0,20.666666666666668,7.0,7.0,11.0,1.0,0.0,2.3333333333333335,1.0,20.666666666666668,7.0,7.0,11.0,1.0,0.0,2.3333333333333335,0.6666666666666666,1.3333333333333333,0.6666666666666666,9.666666666666666,2.3333333333333335,6.666666666666667,12.0,1.3333333333333333,0.3333333333333333,1.3333333333333333,0.6666666666666666,9.666666666666666,2.3333333333333335,6.666666666666667,12.0,1.3333333333333333,0.3333333333333333,1.3333333333333333,0.0
2025-09-15,Espanol,Mallorca,1,1.6666666666666667,1.0,11.333333333333334,4.0,1.6666666666666667,15.0,2.3333333333333335,0.0,1.6666666666666667,1.0,11.333333333333334,4.0,1.6666666666666667,15.0,2.3333333333333335,0.0,2.3333333333333335,0.6666666666666666,0.6666666666666666,2.0,8.333333333333334,3.3333333333333335,3.6666666666666665,9.0,2.3333333333333335,0.6666666666666666,0.6666666666666666,2.0,8.333333333333334,3.3333333333333335,3.6666666666666665,9.0,2.3333333333333335,0.6666666666666666,0.3333333333333333,-0.6666666666666666
2025-09-19,Betis,Sociedad,1,1.2,1.2,14.4,4.4,5.6,10.8,1.6,0.0,1.2,1.2,14.4,4.4,5.6,10.8,1.6,0.0,1.2,0.0,1.0,1.5,17.25,5.0,8.5,15.5,1.75,0.0,1.0,1.5,17.25,5.0,8.5,15.5,1.75,0.0,0.5,-0.5
2025-09-20,Girona,Levante,2,0.5,2.75,11.25,4.25,4.25,7.75,1.25,0.25,0.5,2.75,11.25,4.25,4.25,7.75,1.25,0.25,0.25,-0.75,1.25,2.25,7.75,2.75,1.75,14.0,2.25,0.0,1.25,2.25,7.75,2.75,1.75,14.0,2.25,0.0,0.25,-0.75
2025-09-20,Real Madrid,Espanol,1,2.0,0.5,19.25,7.0,6.0,9.0,1.25,0.25,2.0,0.5,19.25,7.0,6.0,9.0,1.25,0.25,3.0,1.0,2.0,1.25,10.75,3.75,2.0,13.5,2.25,0.25,2.0,1.25,10.75,3.75,2.0,13.5,2.25,0.25,2.5,0.75
2025-09-20,Alaves,Sevilla,2,1.0,0.75,8.75,3.25,4.75,15.75,2.0,0.0,1.0,0.75,8.75,3.25,4.75,15.75,2.0,0.0,1.75,0.25,1.75,1.75,11.0,4.0,2.75,14.75,2.5,0.0,1.75,1.75,11.0,4.0,2.75,14.75,2.5,0.0,1.0,-0.25
2025-09-20,Villarreal,Osasuna,1,2.0,0.75,15.0,5.25,6.5,10.25,1.75,0.0,2.0,0.75,15.0,5.25,6.5,10.25,1.75,0.0,1.75,0.25,0.75,0.5,9.25,3.5,2.25,13.25,2.0,0.25,0.75,0.5,9.25,3.5,2.25,13.25,2.0,0.25,1.5,0.0
2025-09-20,Valencia,Ath Bilbao,1,1.0,2.0,7.75,2.0,6.0,11.0,1.25,0.25,1.0,2.0,7.75,2.0,6.0,11.0,1.25,0.25,1.0,-0.25,1.5,1.0,13.0,4.0,7.25,13.5,2.0,0.25,1.5,1.0,13.0,4.0,7.25,13.5,2.0,0.25,2.25,0.5
2025-09-21,Vallecano,Celta,X,1.0,1.25,13.25,4.5,6.25,13.25,2.75,0.0,1.0,1.25,13.25,4.5,6.25,13.25,2.75,0.0,1.0,-0.25,0.8,1.2,12.8,3.8,6.8,11.6,1.6,0.0,0.8,1.2,12.8,3.8,6.8,11.6,1.6,0.0,0.8,-0.2
2025-09-21,Mallorca,Ath Madrid,X,1.0,2.25,12.25,5.0,5.0,10.75,2.0,0.5,1.0,2.25,12.25,5.0,5.0,10.75,2.0,0.5,0.25,-0.75,1.25,1.0,12.75,4.75,6.75,13.5,2.0,0.0,1.25,1.0,12.75,4.75,6.75,13.5,2.0,0.0,1.25,0.0
2025-09-21,Elche,Oviedo,1,1.5,1.0,8.25,2.75,2.25,13.5,1.75,0.0,1.5,1.0,8.25,2.75,2.25,13.5,1.75,0.0,1.5,0.25,0.25,1.75,6.0,2.25,1.5,10.25,2.75,0.5,0.25,1.75,6.0,2.25,1.5,10.25,2.75,0.5,0.75,-0.5
2025-09-21,Barcelona,Getafe,1,3.25,0.75,21.5,7.75,6.5,10.5,0.75,0.0,3.25,0.75,21.5,7.75,6.5,10.5,0.75,0.0,2.5,0.75,1.5,1.0,10.0,3.25,4.0,15.0,1.5,0.0,1.5,1.0,10.0,3.25,4.0,15.0,1.5,0.0,2.25,0.5
2025-09-23,Ath Bilbao,Girona,X,1.2,1.2,12.6,4.2,7.0,12.0,1.8,0.4,1.2,1.2,12.6,4.2,7.0,12.0,1.8,0.4,1.8,0.2,0.4,3.0,10.4,3.6,4.4,8.4,1.8,0.6,0.4,3.0,10.4,3.6,4.4,8.4,1.8,0.6,0.2,-0.8
2025-09-23,Espanol,Valencia,X,1.6,1.4,10.2,3.2,2.2,14.8,1.8,0.2,1.6,1.4,10.2,3.2,2.2,14.8,1.8,0.2,2.0,0.4,1.2,1.6,8.8,2.6,5.8,11.4,1.2,0.2,1.2,1.6,8.8,2.6,5.8,11.4,1.2,0.2,1.4,0.0
2025-09-23,Levante,Real Madrid,2,1.8,1.8,9.0,3.6,2.2,14.6,2.4,0.0,1.8,1.8,9.0,3.6,2.2,14.6,2.4,0.0,0.8,-0.4,2.0,0.4,18.6,6.6,5.8,9.2,1.4,0.2,2.0,0.4,18.6,6.6,5.8,9.2,1.4,0.2,3.0,1.0
2025-09-23,Sevilla,Villarreal,2,1.8,1.6,10.6,3.8,3.0,15.6,3.4,0.0,1.8,1.6,10.6,3.8,3.0,15.6,3.4,0.0,1.4,0.0,2.0,0.8,17.2,5.8,6.6,10.2,1.8,0.0,2.0,0.8,17.2,5.8,6.6,10.2,1.8,0.0,2.0,0.4
2025-09-24,Getafe,Alaves,X,1.2,1.4,8.6,3.0,3.6,15.0,2.0,0.0,1.2,1.4,8.6,3.0,3.6,15.0,2.0,0.0,1.8,0.2,1.0,1.0,8.6,3.6,4.6,16.6,1.8,0.0,1.0,1.0,8.6,3.6,4.6,16.6,1.8,0.0,1.4,0.0
2025-09-24,Ath Madrid,Vallecano,1,1.2,1.0,12.6,5.2,6.6,12.0,1.6,0.2,1.2,1.0,12.6,5.2,6.6,12.0,1.6,0.2,1.2,0.0,1.0,1.2,13.6,4.6,6.0,12.2,2.4,0.0,1.0,1.2,13.6,4.6,6.0,12.2,2.4,0.0,1.0,-0.2
2025-09-24,Sociedad,Mallorca,1,1.0,1.8,16.0,5.0,7.8,16.4,2.8,0.0,1.0,1.8,16.0,5.0,7.8,16.4,2.8,0.0,0.4,-0.6,1.0,2.0,11.4,4.6,4.6,11.4,1.6,0.4,1.0,2.0,11.4,4.6,4.6,11.4,1.6,0.4,0.4,-0.6
2025-09-25,Osasuna,Elche,X,0.8,0.8,8.6,3.4,1.8,12.8,2.2,0.4,0.8,0.8,8.6,3.4,1.8,12.8,2.2,0.4,1.2,-0.2,1.4,0.8,9.6,3.2,2.4,12.6,1.8,0.0,1.4,0.8,9.6,3.2,2.4,12.6,1.8,0.0,1.8,0.4
2025-09-25,Oviedo,Barcelona,2,0.2,1.6,7.2,2.6,1.8,11.8,2.6,0.4,0.2,1.6,7.2,2.6,1.8,11.8,2.6,0.4,0.6,-0.6,3.2,0.6,20.4,7.6,5.8,10.2,1.0,0.0,3.2,0.6,20.4,7.6,5.8,10.2,1.0,0.0,2.6,0.8
2025-09-26,Girona,Espanol,X,0.5,2.6666666666666665,9.666666666666666,3.5,3.8333333333333335,9.5,1.8333333333333333,0.5,0.4,2.6,10.2,3.8,4.2,9.8,2.2,0.4,0.4,-0.6,1.6666666666666667,1.5,12.0,4.333333333333333,3.1666666666666665,13.833333333333334,1.6666666666666667,0.16666666666666666,1.6,1.6,12.4,4.2,3.6,13.8,1.4,0.2,1.6,0.2
2025-09-27,Getafe,Levante,X,1.1666666666666667,1.3333333333333333,8.333333333333334,2.6666666666666665,3.3333333333333335,14.833333333333334,2.0,0.0,1.0,1.6,8.0,2.6,3.4,14.4,2.0,0.0,1.4,0.0,1.6666666666666667,2.1666666666666665,9.333333333333334,3.3333333333333335,2.0,15.0,2.1666666666666665,0.0,1.8,2.2,9.8,3.4,2.2,15.4,2.4,0.0,0.8,-0.4
2025-09-27,Ath Madrid,Real Madrid,1,1.5,1.1666666666666667,13.833333333333334,5.666666666666667,6.833333333333333,11.0,1.8333333333333333,0.16666666666666666,1.6,1.0,13.6,6.0,7.6,11.0,1.6,0.2,1.8,0.4,2.3333333333333335,0.5,19.5,7.166666666666667,6.0,9.166666666666666,1.3333333333333333,0.16666666666666666,2.6,0.6,19.8,7.6,5.8,9.0,1.4,0.2,3.0,1.0
2025-09-27,Mallorca,Alaves,1,0.8333333333333334,1.8333333333333333,10.666666666666666,4.333333333333333,4.166666666666667,12.0,1.6666666666666667,0.3333333333333333,1.0,1.6,12.0,5.0,4.4,12.8,1.2,0.0,0.4,-0.6,1.0,1.0,8.833333333333334,3.6666666666666665,5.0,17.166666666666668,2.0,0.0,0.8,1.0,7.6,3.6,4.0,17.6,2.4,0.0,1.0,-0.2
2025-09-27,Villarreal,Ath Bilbao,1,2.0,0.8333333333333334,16.333333333333332,5.666666666666667,6.0,10.833333333333334,2.0,0.0,2.0,1.0,14.6,4.8,5.2,11.0,2.2,0.0,2.0,0.4,1.1666666666666667,1.1666666666666667,13.333333333333334,4.333333333333333,7.166666666666667,13.166666666666666,1.5,0.3333333333333333,0.8,1.0,13.2,4.6,6.6,14.2,1.8,0.4,1.4,0.0
2025-09-28,Vallecano,Sevilla,2,1.1666666666666667,1.5,12.833333333333334,4.333333333333333,6.0,12.166666666666666,2.6666666666666665,0.0,0.8,1.6,12.2,4.2,6.4,11.2,3.0,0.0,0.4,-0.6,1.6666666666666667,1.6666666666666667,11.5,3.5,3.0,15.833333333333334,3.1666666666666665,0.0,1.6,1.4,11.4,3.0,3.4,16.6,3.4,0.0,1.4,0.0
2025-09-28,Elche,Celta,1,1.3333333333333333,0.8333333333333334,10.0,3.3333333333333335,2.5,12.666666666666666,1.8333333333333333,0.0,1.4,0.8,10.8,3.6,2.8,12.4,2.2,0.0,1.8,0.4,0.8333333333333334,1.1666666666666667,12.166666666666666,4.0,6.833333333333333,11.333333333333334,1.5,0.0,1.0,1.0,12.4,4.2,6.4,10.6,1.2,0.0,1.0,0.0
2025-09-28,Barcelona,Sociedad,1,3.1666666666666665,0.6666666666666666,20.666666666666668,8.0,6.333333333333333,9.5,0.8333333333333334,0.0,3.2,0.8,20.0,8.0,6.4,8.0,0.8,0.0,2.6,0.8,1.0,1.5,16.166666666666668,4.833333333333333,8.333333333333334,15.833333333333334,2.6666666666666665,0.0,1.0,1.6,16.8,5.2,8.6,16.8,2.8,0.0,0.8,-0.4
2025-09-28,Betis,Osasuna,1,1.5,1.1666666666666667,15.5,4.666666666666667,5.166666666666667,10.166666666666666,1.8333333333333333,0.0,1.6,1.2,16.2,4.8,5.6,9.6,2.0,0.0,1.6,0.2,0.8333333333333334,0.8333333333333334,8.666666666666666,3.1666666666666665,1.8333333333333333,13.833333333333334,2.1666666666666665,0.3333333333333333,1.0,0.8,10.0,3.8,2.2,14.2,2.6,0.2,1.4,0.0
2025-09-30,Valencia,Oviedo,2,1.3333333333333333,1.6666666666666667,8.166666666666666,2.5,5.333333333333333,11.0,1.6666666666666667,0.16666666666666666,1.4,1.8,6.2,2.6,4.8,12.2,1.8,0.2,1.4,0.0,0.3333333333333333,1.8333333333333333,7.166666666666667,2.6666666666666665,2.5,11.5,2.3333333333333335,0.3333333333333333,0.4,1.8,7.6,2.4,2.8,12.2,2.4,0.2,0.6,-0.6
2025-10-03,Osasuna,Getafe,1,0.7142857142857143,1.0,9.142857142857142,2.857142857142857,2.2857142857142856,12.857142857142858,2.0,0.2857142857142857,0.8,1.2,9.2,3.2,2.6,12.8,2.4,0.2,0.8,-0.4,1.1428571428571428,1.2857142857142858,8.714285714285714,2.857142857142857,3.7142857142857144,14.857142857142858,2.2857142857142856,0.0,0.8,1.6,8.4,2.2,4.0,12.6,2.4,0.0,1.0,-0.2
2025-10-04,Oviedo,Levante,2,0.5714285714285714,1.7142857142857142,7.571428571428571,2.857142857142857,2.7142857142857144,11.571428571428571,2.5714285714285716,0.42857142857142855,0.8,1.4,8.4,2.6,3.4,13.0,2.8,0.4,1.2,-0.2,1.5714285714285714,2.0,9.571428571428571,3.2857142857142856,2.0,15.142857142857142,2.2857142857142856,0.0,1.6,1.8,10.4,3.0,2.6,16.6,2.4,0.0,1.0,-0.2
2025-10-04,Girona,Valencia,1,0.42857142857142855,2.2857142857142856,10.0,3.4285714285714284,4.428571428571429,9.428571428571429,1.5714285714285714,0.42857142857142855,0.4,1.6,11.6,4.0,5.6,9.8,1.8,0.4,0.6,-0.4,1.2857142857142858,1.7142857142857142,9.285714285714286,2.857142857142857,5.285714285714286,11.428571428571429,1.5714285714285714,0.14285714285714285,1.6,2.0,8.6,3.4,5.0,12.4,1.8,0.0,1.4,0.0
2025-10-04,Ath Bilbao,Mallorca,1,1.0,1.1428571428571428,13.714285714285714,4.285714285714286,6.857142857142857,12.857142857142858,1.2857142857142858,0.2857142857142857,0.6,1.2,14.2,4.6,7.0,13.8,1.8,0.4,0.8,-0.4,0.8571428571428571,1.5714285714285714,10.857142857142858,4.142857142857143,4.142857142857143,12.285714285714286,1.7142857142857142,0.2857142857142857,1.0,1.4,12.0,4.8,4.6,13.2,1.0,0.0,0.8,-0.4
2025-10-04,Real Madrid,Villarreal,1,2.2857142857142856,1.1428571428571428,17.571428571428573,6.428571428571429,5.428571428571429,9.857142857142858,1.7142857142857142,0.14285714285714285,2.4,1.6,15.8,6.0,4.4,10.4,2.0,0.2,2.4,0.6,1.8571428571428572,0.7142857142857143,16.0,5.571428571428571,6.0,11.142857142857142,2.0,0.0,1.2,1.0,13.6,4.4,4.8,12.0,2.4,0.0,2.0,0.4
2025-10-05,Alaves,Elche,1,0.8571428571428571,1.0,9.285714285714286,3.5714285714285716,5.428571428571429,17.285714285714285,2.142857142857143,0.0,0.8,1.0,7.8,3.2,5.2,17.8,2.4,0.0,1.0,-0.2,1.4285714285714286,0.8571428571428571,11.0,4.0,3.142857142857143,12.571428571428571,2.0,0.0,1.6,0.8,13.0,4.8,3.8,13.4,2.2,0.0,2.2,0.6
2025-10-05,Sevilla,Barcelona,1,1.5714285714285714,1.4285714285714286,10.428571428571429,3.142857142857143,3.142857142857143,15.714285714285714,3.0,0.0,1.6,1.0,9.8,2.6,3.2,17.6,3.4,0.0,2.0,0.4,3.0,0.7142857142857143,20.857142857142858,8.571428571428571,7.142857142857143,9.0,0.8571428571428571,0.0,3.0,0.6,19.2,8.4,6.6,7.6,0.8,0.0,2.6,0.8
2025-10-05,Espanol,Betis,2,1.4285714285714286,1.2857142857142858,13.142857142857142,4.428571428571429,3.2857142857142856,13.428571428571429,1.5714285714285714,0.14285714285714285,1.2,1.2,13.6,4.6,4.0,12.4,1.2,0.2,1.6,0.2,1.5714285714285714,1.0,15.0,4.857142857142857,5.142857142857143,9.571428571428571,1.5714285714285714,0.0,1.8,1.2,15.4,5.0,5.6,8.8,1.6,0.0,1.6,0.2
2025-10-05,Sociedad,Vallecano,2,1.0,1.5714285714285714,14.857142857142858,4.428571428571429,7.285714285714286,15.285714285714286,2.5714285714285716,0.0,0.8,1.6,15.2,4.2,7.8,16.0,2.8,0.0,0.6,-0.6,1.0,1.4285714285714286,13.571428571428571,4.571428571428571,6.857142857142857,12.142857142857142,2.7142857142857144,0.14285714285714285,0.8,1.6,14.6,5.2,7.6,11.0,2.8,0.2,0.4,-0.6
2025-10-05,Celta,Ath Madrid,X,0.8571428571428571,1.2857142857142858,11.571428571428571,3.7142857142857144,6.142857142857143,12.571428571428571,1.7142857142857142,0.0,1.0,1.2,12.4,4.2,6.0,12.2,1.2,0.0,0.8,-0.2,2.0,1.2857142857142858,13.714285714285714,5.857142857142857,6.857142857142857,11.857142857142858,2.2857142857142856,0.14285714285714285,2.4,1.2,13.6,6.2,7.0,11.6,2.6,0.2,2.2,0.6
2025-10-17,Oviedo,Espanol,2,0.5,1.75,8.25,2.75,3.5,11.375,2.5,0.375,0.6,1.8,9.4,2.8,5.0,13.6,2.8,0.4,0.6,-0.6,1.375,1.375,13.25,4.5,4.125,13.75,1.625,0.125,1.2,1.6,14.4,4.8,5.6,13.0,1.2,0.2,1.0,-0.2
2025-10-18,Sevilla,Mallorca,2,1.875,1.375,10.75,3.375,3.625,16.0,3.5,0.0,2.0,1.2,9.8,2.8,4.0,18.4,4.4,0.0,2.0,0.4,0.875,1.625,10.375,3.875,3.875,12.375,2.25,0.375,1.0,1.4,11.6,4.2,4.0,14.4,2.2,0.2,0.8,-0.4
2025-10-18,Barcelona,Girona,1,2.75,1.125,20.375,8.5,7.0,9.0,1.375,0.0,3.0,1.2,20.2,9.4,7.0,7.8,1.6,0.0,2.4,0.6,0.625,2.125,9.25,3.5,3.875,9.875,2.0,0.625,0.8,1.4,8.4,3.8,3.4,11.4,2.8,0.8,1.2,0.0
2025-10-18,Villarreal,Betis,X,1.75,1.0,15.125,5.125,5.25,11.5,2.25,0.125,1.2,1.4,13.8,4.2,3.8,13.2,3.0,0.2,1.8,0.2,1.625,1.0,14.625,4.625,5.125,8.875,2.125,0.0,2.0,1.2,16.4,5.2,5.8,7.4,2.4,0.0,2.0,0.4
2025-10-18,Ath Madrid,Osasuna,1,1.875,1.25,12.75,5.25,6.375,11.625,2.375,0.25,2.4,1.2,11.8,5.2,6.4,10.2,2.6,0.4,2.2,0.6,0.875,1.0,8.875,2.875,2.125,12.625,1.875,0.25,1.2,1.2,8.6,3.2,2.2,12.2,2.0,0.2,1.4,0.0
2025-10-19,Elche,Ath Bilbao,X,1.375,1.125,10.375,3.875,3.25,12.125,1.875,0.125,1.4,1.4,11.0,4.4,3.8,12.4,2.2,0.2,1.6,0.2,1.125,1.125,14.25,4.375,6.875,13.25,1.75,0.25,0.6,1.2,14.8,4.4,6.4,13.8,2.0,0.2,0.8,-0.4
2025-10-19,Celta,Sociedad,X,0.875,1.25,12.375,3.75,6.125,11.875,1.625,0.0,1.0,1.2,13.2,4.0,5.2,11.0,1.2,0.0,0.8,-0.2,0.875,1.5,14.25,4.25,7.25,15.0,2.375,0.0,0.8,1.6,13.6,3.6,7.2,15.0,2.8,0.0,0.6,-0.6
2025-10-19,Levante,Vallecano,2,1.625,1.75,10.125,3.5,2.125,14.5,2.25,0.0,2.0,1.4,11.0,3.8,2.8,15.2,2.4,0.0,1.6,0.2,1.0,1.25,12.75,4.25,6.625,13.25,2.625,0.125,0.8,1.4,13.6,4.4,6.8,12.0,2.4,0.2,0.8,-0.4
2025-10-19,Getafe,Real Madrid,2,1.125,1.375,8.375,2.75,4.0,14.75,2.5,0.0,1.0,1.4,7.4,2.4,4.0,14.0,3.2,0.0,1.0,-0.2,2.375,1.125,18.625,6.5,5.25,9.75,1.75,0.125,2.6,1.6,17.6,6.0,4.4,9.8,2.0,0.2,2.4,0.6
2025-10-20,Alaves,Valencia,X,1.125,1.0,11.25,3.75,6.5,16.75,2.25,0.0,1.2,1.0,11.8,3.8,7.8,18.4,2.6,0.0,1.4,0.0,1.25,1.75,10.5,3.25,5.5,11.5,1.5,0.125,1.2,2.4,11.0,3.8,4.8,11.2,1.6,0.0,0.8,-0.4
2025-10-24,Sociedad,Sevilla,1,0.8888888888888888,1.4444444444444444,14.555555555555555,4.555555555555555,7.555555555555555,15.555555555555555,2.4444444444444446,0.0,0.8,1.4,12.4,4.2,6.8,15.6,3.0,0.0,0.8,-0.4,1.7777777777777777,1.5555555555555556,11.0,3.4444444444444446,4.222222222222222,16.0,3.3333333333333335,0.0,1.8,1.4,11.0,3.0,5.4,17.0,4.0,0.0,1.8,0.2
2025-10-25,Girona,Oviedo,X,0.6666666666666666,2.111111111111111,9.444444444444445,3.5555555555555554,4.0,9.555555555555555,2.0,0.5555555555555556,0.8,1.6,8.0,3.0,3.8,11.0,2.6,0.8,1.0,-0.2,0.4444444444444444,1.7777777777777777,8.777777777777779,2.888888888888889,3.4444444444444446,11.11111111111111,2.4444444444444446,0.3333333333333333,0.6,1.8,11.0,3.4,5.0,11.8,2.2,0.2,0.6,-0.6
2025-10-25,Espanol,Elche,1,1.4444444444444444,1.2222222222222223,13.88888888888889,5.111111111111111,4.222222222222222,13.11111111111111,1.5555555555555556,0.1111111111111111,1.0,1.2,16.4,6.2,6.0,12.8,1.0,0.0,1.0,-0.2,1.2222222222222223,1.0,10.88888888888889,4.0,3.5555555555555554,12.333333333333334,1.8888888888888888,0.1111111111111111,1.0,1.0,13.0,5.0,4.6,11.4,2.0,0.2,1.6,0.2
2025-10-25,Ath Bilbao,Getafe,2,1.0,1.0,13.11111111111111,4.0,6.333333333333333,14.0,1.8888888888888888,0.2222222222222222,0.6,1.0,13.2,4.0,5.6,14.4,1.8,0.2,1.0,-0.2,1.0,1.3333333333333333,8.222222222222221,2.5555555555555554,3.6666666666666665,16.11111111111111,2.6666666666666665,0.2222222222222222,0.6,1.6,6.8,2.0,3.4,17.0,3.6,0.4,0.4,-0.6
2025-10-25,Valencia,Villarreal,2,1.1111111111111112,1.5555555555555556,9.88888888888889,3.111111111111111,4.888888888888889,12.444444444444445,1.5555555555555556,0.1111111111111111,1.2,1.2,11.6,4.0,4.0,13.6,1.8,0.0,1.0,-0.2,1.7777777777777777,1.1111111111111112,14.222222222222221,4.888888888888889,5.222222222222222,11.666666666666666,2.111111111111111,0.1111111111111111,1.6,1.4,13.6,4.6,4.2,12.8,2.4,0.2,2.0,0.4
2025-10-26,Mallorca,Levante,X,1.1111111111111112,1.5555555555555556,10.0,4.111111111111111,3.6666666666666665,12.444444444444445,2.111111111111111,0.3333333333333333,1.2,1.0,8.2,3.4,2.6,13.8,2.2,0.2,1.4,0.0,1.4444444444444444,1.8888888888888888,10.88888888888889,3.5555555555555554,3.111111111111111,13.555555555555555,2.0,0.0,1.6,1.6,13.4,4.2,4.2,13.2,1.8,0.0,1.4,0.0
2025-10-26,Real Madrid,Barcelona,1,2.2222222222222223,1.0,19.11111111111111,6.888888888888889,5.111111111111111,9.88888888888889,1.6666666666666667,0.1111111111111111,2.4,1.4,19.0,6.8,4.4,10.6,2.0,0.0,2.4,0.6,2.6666666666666665,1.1111111111111112,21.11111111111111,8.555555555555555,7.444444444444445,9.11111111111111,1.3333333333333333,0.0,2.2,1.4,20.8,9.2,8.2,8.0,1.8,0.0,2.4,0.6
2025-10-26,Osasuna,Celta,2,0.7777777777777778,1.0,8.88888888888889,2.7777777777777777,2.111111111111111,12.444444444444445,2.0,0.2222222222222222,0.8,1.4,8.6,2.2,2.0,11.8,2.0,0.2,0.8,-0.4,0.8888888888888888,1.2222222222222223,11.444444444444445,3.4444444444444446,5.555555555555555,11.666666666666666,1.8888888888888888,0.1111111111111111,1.0,1.2,12.0,3.8,5.2,10.8,1.8,0.2,0.8,-0.2
2025-10-26,Vallecano,Alaves,1,1.2222222222222223,1.1111111111111112,12.444444444444445,4.333333333333333,6.333333333333333,13.777777777777779,2.4444444444444446,0.1111111111111111,1.4,1.0,11.8,4.2,6.4,14.2,2.2,0.2,1.4,0.0,1.0,0.8888888888888888,11.444444444444445,3.6666666666666665,6.555555555555555,16.333333333333332,2.111111111111111,0.0,1.0,1.0,13.6,4.0,8.0,16.8,2.2,0.0,1.0,-0.2
2025-10-27,Betis,Ath Madrid,2,1.6666666666666667,1.1111111111111112,14.777777777777779,4.444444444444445,5.222222222222222,9.0,2.0,0.0,2.2,1.2,17.8,5.4,6.2,7.6,2.4,0.0,2.2,0.6,1.7777777777777777,1.1111111111111112,13.333333333333334,5.666666666666667,6.111111111111111,11.444444444444445,2.2222222222222223,0.2222222222222222,2.2,1.2,13.8,6.4,5.6,9.8,2.4,0.4,2.2,0.6
2025-10-31,Getafe,Girona,1,1.0,1.2,8.2,2.6,3.8,15.9,2.7,0.2,0.8,1.0,7.8,2.2,4.0,16.8,3.4,0.4,1.0,-0.2,0.9,2.2,9.3,3.8,4.7,9.9,2.2,0.5,1.4,1.4,8.2,4.0,5.0,11.4,2.6,0.4,1.2,0.0
2025-11-01,Villarreal,Vallecano,1,1.8,1.0,14.0,4.9,5.2,11.9,2.3,0.1,1.6,1.2,10.8,4.0,3.8,13.6,2.8,0.2,2.0,0.4,1.2,1.0,12.7,4.4,6.4,13.7,2.3,0.1,1.4,0.8,11.8,4.2,6.8,15.2,2.2,0.2,1.8,0.2
2025-11-01,Ath Madrid,Sevilla,1,1.8,1.0,12.9,5.5,6.0,12.1,2.1,0.2,2.4,1.0,13.2,5.8,5.4,12.2,2.6,0.2,2.6,0.8,1.7,1.6,10.5,3.2,4.7,15.8,3.3,0.0,1.6,1.6,10.4,2.6,6.4,16.0,3.2,0.0,1.2,-0.2
2025-11-01,Sociedad,Ath Bilbao,1,1.0,1.4,13.6,4.4,6.9,15.9,2.3,0.0,1.0,1.0,11.2,3.8,6.0,15.4,1.8,0.0,1.4,0.0,0.9,1.0,12.5,4.0,5.8,14.1,1.8,0.2,0.6,0.8,12.4,3.8,4.6,16.2,1.8,0.0,1.0,-0.2
2025-11-01,Real Madrid,Valencia,1,2.2,1.0,19.5,7.2,5.8,10.1,2.0,0.2,2.4,1.6,20.4,7.8,5.8,11.0,2.6,0.2,2.4,0.6,1.0,1.6,10.4,3.1,5.1,12.5,1.6,0.1,0.8,1.6,12.0,3.6,4.4,13.6,2.0,0.0,0.4,-0.6
2025-11-02,Levante,Celta,2,1.4,1.8,11.1,3.7,3.2,13.5,2.0,0.0,1.0,1.8,13.2,3.8,4.2,12.4,1.6,0.0,1.0,-0.2,1.1,1.3,11.4,3.6,5.2,11.8,2.1,0.1,1.4,1.4,10.0,3.4,3.6,12.0,2.6,0.2,1.2,0.0
2025-11-02,Alaves,Espanol,1,0.9,0.9,11.5,3.5,6.4,15.8,2.2,0.0,0.8,0.8,14.4,3.4,8.2,15.0,2.6,0.0,1.0,-0.2,1.4,1.1,14.1,5.3,4.2,13.2,1.8,0.1,1.2,0.8,18.0,7.4,6.2,11.6,1.8,0.0,1.6,0.2
2025-11-02,Barcelona,Elche,1,2.5,1.2,20.5,8.3,7.1,9.1,1.7,0.1,1.8,1.8,20.6,9.0,8.4,8.0,2.4,0.2,1.8,0.2,1.1,1.0,11.1,4.0,3.4,12.6,1.9,0.1,0.8,1.2,12.6,4.8,4.4,12.6,2.0,0.2,1.0,-0.2
2025-11-02,Betis,Mallorca,1,1.5,1.2,15.0,4.5,4.9,9.0,2.0,0.0,1.8,1.2,15.6,4.6,4.2,7.2,2.4,0.0,2.0,0.4,1.1,1.5,11.0,4.1,3.8,12.0,2.2,0.3,1.2,1.0,10.6,3.6,3.0,12.6,2.8,0.2,1.4,0.0
2025-11-03,Oviedo,Osasuna,X,0.7,1.9,8.9,3.1,3.5,11.6,2.5,0.3,1.2,2.2,10.6,3.6,5.2,11.4,2.4,0.2,0.8,-0.4,0.9,1.2,9.7,3.2,2.5,12.2,2.1,0.2,1.0,1.6,10.8,3.0,3.2,11.6,2.0,0.0,0.8,-0.4
2025-11-07,Elche,Sociedad,X,1.0909090909090908,1.1818181818181819,10.909090909090908,3.909090909090909,3.3636363636363638,12.909090909090908,1.8181818181818181,0.09090909090909091,0.8,1.6,12.0,4.6,4.4,13.2,1.8,0.2,0.8,-0.4,1.1818181818181819,1.4545454545454546,13.181818181818182,4.454545454545454,6.818181818181818,16.272727272727273,2.272727272727273,0.0,1.4,1.4,9.6,4.0,5.0,16.8,1.8,0.0,1.4,0.0
2025-11-08,Girona,Alaves,1,0.9090909090909091,2.1818181818181817,9.181818181818182,3.8181818181818183,4.545454545454546,10.363636363636363,2.090909090909091,0.45454545454545453,1.4,1.6,8.6,4.2,5.4,11.4,2.4,0.4,1.0,-0.2,1.0,0.9090909090909091,11.636363636363637,3.5454545454545454,5.909090909090909,15.636363636363637,2.3636363636363638,0.09090909090909091,1.0,0.8,15.0,3.4,7.0,13.8,2.8,0.2,1.4,0.0
2025-11-08,Sevilla,Osasuna,1,1.5454545454545454,1.7272727272727273,10.454545454545455,3.090909090909091,4.636363636363637,15.454545454545455,3.272727272727273,0.0,1.4,1.8,9.2,2.6,6.6,15.0,3.4,0.0,1.2,-0.2,0.8181818181818182,1.0909090909090908,9.818181818181818,3.3636363636363638,2.4545454545454546,12.636363636363637,2.0,0.18181818181818182,0.8,1.4,11.2,3.6,3.2,11.2,1.8,0.0,0.8,-0.4
2025-11-08,Ath Madrid,Levante,1,1.9090909090909092,0.9090909090909091,13.090909090909092,5.545454545454546,6.2727272727272725,11.818181818181818,1.9090909090909092,0.18181818181818182,2.4,0.6,12.2,5.4,5.6,12.8,2.0,0.2,2.6,0.8,1.3636363636363635,1.8181818181818181,10.909090909090908,3.6363636363636362,3.272727272727273,13.181818181818182,2.0,0.09090909090909091,1.0,1.4,12.8,4.0,4.8,11.0,1.8,0.2,1.0,-0.2
2025-11-08,Espanol,Villarreal,2,1.3636363636363635,1.1818181818181819,14.454545454545455,5.0,4.363636363636363,13.090909090909092,1.8181818181818181,0.09090909090909091,1.0,0.8,17.4,5.8,5.8,12.2,2.0,0.0,1.4,0.0,2.0,0.9090909090909091,14.181818181818182,5.090909090909091,5.0,11.454545454545455,2.1818181818181817,0.09090909090909091,2.0,1.0,11.6,4.4,3.8,12.2,2.4,0.2,2.0,0.4
2025-11-09,Ath Bilbao,Oviedo,1,1.0,1.1818181818181819,12.363636363636363,4.0,5.454545454545454,13.545454545454545,1.9090909090909092,0.18181818181818182,0.8,1.2,11.2,3.6,3.4,14.0,2.4,0.0,0.8,-0.4,0.6363636363636364,1.7272727272727273,8.818181818181818,3.0,3.5454545454545454,12.090909090909092,2.5454545454545454,0.2727272727272727,1.0,1.6,10.8,3.4,4.8,12.8,2.8,0.2,1.0,-0.2
2025-11-09,Vallecano,Real Madrid,X,1.0909090909090908,1.2727272727272727,12.727272727272727,4.2727272727272725,6.2727272727272725,13.454545454545455,2.1818181818181817,0.09090909090909091,1.0,1.0,12.6,4.2,6.6,15.0,1.6,0.2,1.8,0.2,2.3636363636363638,0.9090909090909091,19.636363636363637,7.545454545454546,5.909090909090909,10.454545454545455,1.9090909090909092,0.18181818181818182,2.4,1.4,19.8,8.0,5.8,12.0,2.6,0.2,2.4,0.6
2025-11-09,Mallorca,Getafe,1,1.0,1.6363636363636365,11.272727272727273,3.8181818181818183,3.909090909090909,11.636363636363637,2.272727272727273,0.2727272727272727,1.2,1.4,12.0,3.2,3.6,11.2,3.0,0.2,1.4,0.0,1.0909090909090908,1.1818181818181819,8.545454545454545,2.727272727272727,4.181818181818182,16.0,2.5454545454545454,0.18181818181818182,1.0,1.0,8.8,2.8,5.2,17.4,3.2,0.4,1.4,0.0
2025-11-09,Valencia,Betis,X,0.9090909090909091,1.8181818181818181,9.818181818181818,2.909090909090909,4.7272727272727275,12.0,1.5454545454545454,0.09090909090909091,0.4,2.0,11.8,3.4,4.0,13.2,1.4,0.0,0.2,-0.8,1.6363636363636365,1.0909090909090908,15.0,4.818181818181818,4.818181818181818,9.0,1.8181818181818181,0.0,1.8,1.0,14.4,5.0,4.4,7.6,1.8,0.0,2.0,0.4
2025-11-09,Celta,Barcelona,2,1.1818181818181819,1.2727272727272727,12.181818181818182,3.8181818181818183,5.090909090909091,11.818181818181818,2.1818181818181817,0.09090909090909091,1.6,1.4,12.2,3.6,3.0,12.4,3.0,0.2,1.6,0.2,2.5454545454545454,1.1818181818181819,20.181818181818183,8.0,7.0,9.363636363636363,1.5454545454545454,0.09090909090909091,1.8,1.8,19.6,8.0,7.8,9.2,2.4,0.2,1.8,0.2
2025-11-21,Valencia,Levante,1,0.9166666666666666,1.75,10.416666666666666,3.0,4.916666666666667,12.083333333333334,1.6666666666666667,0.08333333333333333,0.4,1.8,12.0,3.2,4.4,13.0,1.8,0.0,0.4,-0.6,1.3333333333333333,1.9166666666666667,10.5,3.5833333333333335,3.3333333333333335,12.583333333333334,1.9166666666666667,0.08333333333333333,1.0,1.8,11.8,4.0,5.2,9.0,1.4,0.2,0.8,-0.4
2025-11-22,Alaves,Celta,2,0.9166666666666666,0.9166666666666666,11.833333333333334,3.6666666666666665,5.5,15.583333333333334,2.4166666666666665,0.08333333333333333,1.0,0.8,15.4,3.8,5.6,13.2,2.8,0.2,1.4,0.0,1.25,1.5,11.583333333333334,3.75,4.833333333333333,11.916666666666666,2.0833333333333335,0.08333333333333333,1.8,1.8,11.6,3.8,3.0,11.0,2.6,0.2,1.6,0.2
2025-11-22,Barcelona,Ath Bilbao,1,2.6666666666666665,1.25,20.25,8.083333333333334,6.833333333333333,9.416666666666666,1.8333333333333333,0.16666666666666666,2.2,2.0,19.4,7.4,6.4,10.0,3.2,0.4,1.8,0.2,1.0,1.0833333333333333,13.083333333333334,4.25,5.583333333333333,13.416666666666666,1.8333333333333333,0.16666666666666666,1.0,1.0,12.2,4.2,3.8,14.2,2.6,0.0,1.4,0.0
2025-11-22,Osasuna,Sociedad,2,0.75,1.0833333333333333,9.75,3.3333333333333335,2.75,12.666666666666666,2.0833333333333335,0.16666666666666666,0.8,1.2,10.6,4.0,3.4,12.4,2.2,0.0,0.8,-0.4,1.1666666666666667,1.4166666666666667,13.166666666666666,4.5,6.5,16.166666666666668,2.3333333333333335,0.0,1.4,1.2,10.8,4.6,5.4,17.4,2.0,0.0,1.6,0.2
2025-11-22,Villarreal,Mallorca,1,2.0,0.8333333333333334,13.75,4.916666666666667,4.75,11.25,2.1666666666666665,0.08333333333333333,2.2,1.0,10.6,4.0,3.0,11.4,2.4,0.2,2.0,0.4,1.0,1.5,10.833333333333334,3.8333333333333335,3.6666666666666665,11.916666666666666,2.0833333333333335,0.25,1.2,1.4,10.8,3.4,3.0,11.4,2.6,0.2,1.4,0.0
2025-11-23,Oviedo,Vallecano,X,0.5833333333333334,1.6666666666666667,8.5,2.9166666666666665,3.5833333333333335,11.75,2.4166666666666665,0.25,0.6,1.6,9.8,3.0,4.8,12.0,2.2,0.0,0.4,-0.6,1.0,1.1666666666666667,12.75,4.083333333333333,6.166666666666667,13.75,2.25,0.08333333333333333,1.0,0.8,11.6,3.4,5.2,16.0,1.6,0.0,2.0,0.4
2025-11-23,Betis,Girona,X,1.5833333333333333,1.0833333333333333,14.5,4.583333333333333,4.583333333333333,9.083333333333334,1.9166666666666667,0.0,1.6,1.2,13.8,4.2,3.8,8.4,2.4,0.0,1.6,0.2,0.9166666666666666,2.0,9.25,3.6666666666666665,4.666666666666667,10.25,1.9166666666666667,0.4166666666666667,1.6,1.6,8.2,4.0,5.0,11.4,2.4,0.4,1.4,0.0
2025-11-23,Getafe,Ath Madrid,2,1.0,1.1666666666666667,9.0,2.75,5.0,15.333333333333334,2.5,0.16666666666666666,0.8,1.0,9.4,2.6,6.8,16.0,2.8,0.4,1.2,-0.2,2.0,0.9166666666666666,14.083333333333334,5.916666666666667,7.5,11.25,2.0,0.16666666666666666,2.0,0.4,14.6,6.0,8.4,10.4,1.6,0.2,2.6,0.8
2025-11-23,Elche,Real Madrid,X,1.0833333333333333,1.1666666666666667,11.0,3.8333333333333335,3.1666666666666665,13.0,1.75,0.08333333333333333,0.6,1.6,11.0,3.6,3.2,13.6,1.4,0.2,0.4,-0.6,2.1666666666666665,0.8333333333333334,19.75,7.333333333333333,6.083333333333333,10.166666666666666,1.9166666666666667,0.16666666666666666,2.0,0.4,22.8,8.6,7.0,10.6,2.2,0.2,2.6,0.8
2025-11-24,Espanol,Sevilla,1,1.25,1.25,14.416666666666666,4.833333333333333,4.333333333333333,12.75,1.6666666666666667,0.08333333333333333,1.0,1.2,16.2,5.4,5.8,11.8,1.8,0.0,1.2,-0.2,1.5,1.5833333333333333,10.416666666666666,3.1666666666666665,4.666666666666667,15.916666666666666,3.4166666666666665,0.0,1.4,1.8,10.4,3.2,6.8,16.2,4.0,0.0,1.2,-0.2
2025-11-28,Getafe,Elche,1,0.9230769230769231,1.1538461538461537,9.0,2.6153846153846154,5.076923076923077,14.846153846153847,2.4615384615384617,0.15384615384615385,0.6,0.8,10.0,2.4,6.8,15.0,2.4,0.4,1.2,-0.2,1.1538461538461537,1.2307692307692308,11.307692307692308,4.0,3.076923076923077,12.76923076923077,1.9230769230769231,0.15384615384615385,0.8,1.4,12.8,4.2,2.8,13.8,2.0,0.2,0.6,-0.4
2025-11-29,Mallorca,Osasuna,X,1.0,1.5384615384615385,10.692307692307692,3.769230769230769,3.4615384615384617,11.615384615384615,2.076923076923077,0.23076923076923078,1.2,1.4,11.2,3.6,2.8,10.4,1.8,0.0,1.4,0.0,0.7692307692307693,1.2307692307692308,10.076923076923077,3.3846153846153846,2.769230769230769,12.692307692307692,2.1538461538461537,0.23076923076923078,0.6,1.6,12.0,4.2,3.8,12.8,2.6,0.2,0.2,-0.8
2025-11-29,Barcelona,Alaves,1,2.769230769230769,1.1538461538461537,20.153846153846153,8.0,6.6923076923076925,9.384615384615385,1.6923076923076923,0.15384615384615385,2.8,1.2,19.8,7.2,6.2,10.0,2.2,0.4,2.4,0.6,0.8461538461538461,0.9230769230769231,11.307692307692308,3.5384615384615383,5.384615384615385,16.0,2.3846153846153846,0.07692307692307693,0.4,0.8,11.4,3.2,3.6,14.8,2.6,0.2,0.8,-0.4
2025-11-29,Levante,Ath Bilbao,2,1.2307692307692308,1.8461538461538463,10.307692307692308,3.3846153846153846,3.076923076923077,12.76923076923077,2.0,0.07692307692307693,0.6,2.0,10.6,3.2,4.6,10.0,1.6,0.2,0.2,-0.8,0.9230769230769231,1.3076923076923077,13.076923076923077,4.076923076923077,5.6923076923076925,13.076923076923077,1.8461538461538463,0.23076923076923078,0.6,1.6,11.2,3.6,3.8,12.8,2.0,0.2,0.8,-0.4
2025-11-29,Ath Madrid,Oviedo,1,1.9230769230769231,0.8461538461538461,14.0,5.923076923076923,7.461538461538462,11.692307692307692,2.076923076923077,0.15384615384615385,2.0,0.2,16.0,7.0,9.2,11.8,1.6,0.0,3.0,1.0,0.5384615384615384,1.5384615384615385,8.461538461538462,2.923076923076923,3.6923076923076925,11.692307692307692,2.3076923076923075,0.3076923076923077,0.6,1.2,8.8,3.2,4.0,12.2,2.0,0.2,0.6,-0.4
2025-11-30,Sociedad,Villarreal,2,1.3076923076923077,1.3846153846153846,13.615384615384615,4.846153846153846,6.230769230769231,15.461538461538462,2.3076923076923075,0.0,2.0,1.2,12.6,5.8,4.6,16.2,2.2,0.0,2.2,0.6,2.0,0.8461538461538461,13.76923076923077,5.076923076923077,4.615384615384615,11.692307692307692,2.1538461538461537,0.07692307692307693,2.4,0.6,11.6,5.0,3.6,12.0,2.0,0.0,2.6,0.8
2025-11-30,Sevilla,Betis,2,1.4615384615384615,1.6153846153846154,11.307692307692308,3.3846153846153846,5.3076923076923075,15.23076923076923,3.230769230769231,0.0,0.8,2.0,12.2,3.4,8.0,14.0,2.8,0.0,0.6,-0.6,1.5384615384615385,1.0769230769230769,15.153846153846153,4.769230769230769,4.846153846153846,9.153846153846153,2.0,0.07692307692307693,1.4,1.2,16.0,5.0,4.4,9.6,1.8,0.2,1.2,0.0
2025-11-30,Celta,Espanol,2,1.2307692307692308,1.3846153846153846,11.23076923076923,3.769230769230769,4.615384615384615,12.153846153846153,2.076923076923077,0.07692307692307693,1.8,1.6,9.4,3.8,2.2,12.6,2.8,0.2,2.0,0.4,1.3076923076923077,1.2307692307692308,13.923076923076923,4.846153846153846,4.3076923076923075,13.153846153846153,1.8461538461538463,0.07692307692307693,1.2,1.0,15.0,5.4,4.6,12.2,2.2,0.0,1.8,0.2
2025-11-30,Girona,Real Madrid,X,0.9230769230769231,1.9230769230769231,9.384615384615385,3.6923076923076925,4.3076923076923075,10.692307692307692,2.076923076923077,0.38461538461538464,1.4,1.6,9.6,4.0,5.0,12.0,2.2,0.0,1.0,-0.2,2.1538461538461537,0.9230769230769231,19.76923076923077,7.3076923076923075,6.230769230769231,10.0,1.7692307692307692,0.15384615384615385,1.8,0.6,21.6,8.6,7.8,10.4,1.8,0.2,2.2,0.6
2025-12-01,Vallecano,Valencia,X,0.9230769230769231,1.0769230769230769,12.615384615384615,4.0,6.153846153846154,13.692307692307692,2.230769230769231,0.15384615384615385,0.8,0.8,12.4,3.6,5.4,14.4,1.6,0.2,1.6,0.2,0.9230769230769231,1.6153846153846154,10.692307692307692,3.0,5.076923076923077,12.384615384615385,1.8461538461538463,0.07692307692307693,0.4,1.4,11.0,2.6,4.4,13.8,2.4,0.0,1.0,-0.2
2025-12-02,Barcelona,Ath Madrid,1,2.7857142857142856,1.1428571428571428,20.0,7.857142857142857,6.571428571428571,9.428571428571429,1.7142857142857142,0.14285714285714285,3.0,1.2,18.0,6.6,5.0,10.0,2.4,0.4,2.4,0.6,1.9285714285714286,0.7857142857142857,14.0,6.071428571428571,7.428571428571429,11.214285714285714,1.9285714285714286,0.14285714285714285,2.2,0.2,15.2,6.8,9.8,10.8,1.4,0.0,3.0,1.0
2025-12-03,Ath Bilbao,Real Madrid,2,1.0,1.2142857142857142,13.142857142857142,4.071428571428571,5.428571428571429,13.5,1.8571428571428572,0.21428571428571427,1.0,1.6,13.2,4.2,3.8,12.6,1.8,0.2,1.2,-0.2,2.0714285714285716,0.9285714285714286,20.142857142857142,7.071428571428571,6.142857142857143,10.214285714285714,1.6428571428571428,0.14285714285714285,1.8,0.8,22.0,7.4,8.0,10.8,1.6,0.2,1.8,0.4
2025-12-05,Oviedo,Mallorca,X,0.5,1.5714285714285714,8.714285714285714,2.7857142857142856,3.5714285714285716,11.428571428571429,2.2142857142857144,0.2857142857142857,0.6,1.2,8.6,2.6,3.8,12.0,1.8,0.2,0.6,-0.4,1.0714285714285714,1.5714285714285714,10.428571428571429,3.7857142857142856,3.357142857142857,11.5,2.142857142857143,0.21428571428571427,1.0,1.6,11.2,3.2,2.8,9.8,2.2,0.0,1.0,-0.2
2025-12-06,Villarreal,Getafe,1,2.0714285714285716,0.9285714285714286,13.5,5.071428571428571,4.428571428571429,12.142857142857142,2.5,0.07142857142857142,2.6,0.6,12.2,5.4,3.0,13.0,3.2,0.0,3.0,1.0,0.9285714285714286,1.0714285714285714,9.428571428571429,2.857142857142857,4.928571428571429,15.071428571428571,2.4285714285714284,0.14285714285714285,0.8,0.6,11.6,3.4,7.2,13.2,2.0,0.0,1.8,0.2
2025-12-06,Alaves,Sociedad,1,0.8571428571428571,1.0714285714285714,11.142857142857142,3.4285714285714284,5.285714285714286,16.071428571428573,2.4285714285714284,0.07142857142857142,0.6,1.4,10.6,3.0,3.0,15.6,3.0,0.2,0.6,-0.6,1.3571428571428572,1.5,13.928571428571429,5.0,6.357142857142857,15.428571428571429,2.357142857142857,0.0,2.2,1.6,12.8,5.8,4.2,15.2,2.2,0.0,2.0,0.4
2025-12-06,Betis,Barcelona,2,1.5714285714285714,1.0,14.714285714285714,4.714285714285714,4.785714285714286,10.071428571428571,2.0714285714285716,0.07142857142857142,1.4,0.8,14.6,5.2,4.0,12.0,2.2,0.2,1.6,0.2,2.8,1.1333333333333333,19.933333333333334,7.733333333333333,6.466666666666667,9.6,1.6666666666666667,0.13333333333333333,3.4,1.0,18.8,6.6,5.2,10.6,1.6,0.2,3.0,1.0
2025-12-06,Ath Bilbao,Ath Madrid,1,0.9333333333333333,1.3333333333333333,12.866666666666667,4.066666666666666,5.4,13.6,1.8666666666666667,0.2,1.0,2.0,13.6,4.2,4.6,12.6,2.0,0.2,1.2,-0.2,1.8666666666666667,0.9333333333333333,13.533333333333333,5.8,7.2,11.066666666666666,1.8666666666666667,0.13333333333333333,2.0,0.8,14.8,6.4,9.6,9.0,1.4,0.0,2.4,0.6
2025-12-07,Elche,Girona,1,1.0714285714285714,1.2142857142857142,11.142857142857142,4.0,3.2142857142857144,12.642857142857142,1.9285714285714286,0.14285714285714285,0.8,1.6,11.6,4.0,2.6,13.2,2.0,0.2,0.4,-0.6,0.9285714285714286,1.8571428571428572,9.428571428571429,3.7142857142857144,4.142857142857143,10.571428571428571,2.142857142857143,0.35714285714285715,1.4,1.4,9.4,4.0,4.4,12.4,2.4,0.0,1.2,0.0
2025-12-07,Valencia,Sevilla,X,0.9285714285714286,1.5714285714285714,10.642857142857142,2.9285714285714284,5.071428571428571,12.142857142857142,1.7857142857142858,0.07142857142857142,0.6,1.6,12.0,2.6,5.4,11.6,2.2,0.0,1.0,-0.2,1.3571428571428572,1.6428571428571428,11.142857142857142,3.357142857142857,5.357142857142857,15.142857142857142,3.142857142857143,0.07142857142857142,0.6,1.8,11.4,3.2,7.4,13.6,2.8,0.2,0.6,-0.6
2025-12-07,Espanol,Vallecano,1,1.2857142857142858,1.1428571428571428,13.571428571428571,4.642857142857143,4.214285714285714,13.285714285714286,1.8571428571428572,0.07142857142857142,1.0,1.0,13.0,3.8,4.2,13.6,2.4,0.0,1.8,0.2,0.9285714285714286,1.0714285714285714,13.071428571428571,4.214285714285714,6.428571428571429,13.5,2.142857142857143,0.14285714285714285,0.4,1.0,14.2,4.0,6.6,13.0,1.6,0.2,1.2,0.0
2025-12-07,Real Madrid,Celta,2,2.1333333333333333,0.8666666666666667,19.666666666666668,7.133333333333334,6.2,9.8,1.5333333333333334,0.13333333333333333,2.0,0.6,20.0,7.0,7.0,9.2,0.6,0.0,1.8,0.4,1.1428571428571428,1.3571428571428572,11.214285714285714,3.7857142857142856,4.571428571428571,12.142857142857142,2.0,0.07142857142857142,1.6,1.6,10.8,4.4,2.8,13.0,2.2,0.0,1.8,0.2
2025-12-08,Osasuna,Levante,1,0.8571428571428571,1.2857142857142858,10.357142857142858,3.2857142857142856,3.142857142857143,12.857142857142858,2.2857142857142856,0.21428571428571427,1.0,1.8,13.0,4.2,5.0,13.6,2.8,0.2,0.4,-0.6,1.1428571428571428,1.8571428571428572,10.357142857142858,3.4285714285714284,3.142857142857143,12.642857142857142,2.0714285714285716,0.07142857142857142,0.6,1.8,9.4,3.2,3.2,11.0,2.2,0.2,0.2,-0.8
2025-12-12,Sociedad,Girona,2,1.2666666666666666,1.4666666666666666,13.666666666666666,4.733333333333333,6.466666666666667,15.466666666666667,2.3333333333333335,0.0,1.8,1.6,13.8,5.4,5.6,14.6,2.4,0.0,1.4,0.0,0.8666666666666667,1.9333333333333333,9.333333333333334,3.7333333333333334,4.0,10.733333333333333,2.2,0.3333333333333333,0.8,1.4,9.4,3.6,2.6,12.4,2.2,0.0,1.0,-0.2
2025-12-13,Ath Madrid,Valencia,1,1.75,0.9375,13.125,5.625,7.125,11.125,1.875,0.125,1.4,1.0,13.2,5.8,9.0,9.6,1.8,0.0,1.8,0.2,0.9333333333333333,1.5333333333333334,10.666666666666666,2.933333333333333,4.866666666666666,12.133333333333333,1.8666666666666667,0.06666666666666667,0.8,1.4,11.2,2.6,4.4,11.4,2.4,0.0,1.2,0.0
2025-12-13,Mallorca,Elche,1,1.0,1.4666666666666666,10.6,3.933333333333333,3.466666666666667,11.533333333333333,2.066666666666667,0.2,0.8,1.4,9.8,3.6,2.8,10.6,1.8,0.0,1.0,-0.2,1.2,1.1333333333333333,11.133333333333333,4.133333333333334,3.1333333333333333,13.0,1.8,0.13333333333333333,1.4,1.4,11.2,4.4,2.6,13.8,1.6,0.2,1.0,-0.2
2025-12-13,Barcelona,Osasuna,1,2.9375,1.25,19.6875,7.75,6.5,9.5625,1.6875,0.125,3.8,1.4,18.6,7.2,5.4,10.0,2.0,0.2,3.0,1.0,0.9333333333333333,1.2,10.6,3.466666666666667,3.1333333333333333,13.0,2.2666666666666666,0.2,1.0,1.2,12.4,4.0,4.4,14.6,2.6,0.2,1.0,-0.2
2025-12-13,Getafe,Espanol,2,0.8666666666666667,1.1333333333333333,9.2,2.6666666666666665,4.8,15.066666666666666,2.533333333333333,0.2,0.6,1.0,11.2,2.8,6.8,13.4,2.2,0.2,1.2,-0.2,1.2666666666666666,1.0666666666666667,13.266666666666667,4.466666666666667,4.333333333333333,13.666666666666666,2.0,0.13333333333333333,1.0,1.0,11.6,2.8,4.6,14.6,2.4,0.2,1.8,0.2
2025-12-14,Sevilla,Oviedo,1,1.3333333333333333,1.6,10.666666666666666,3.2,5.133333333333334,15.333333333333334,3.3333333333333335,0.06666666666666667,0.6,1.6,11.0,3.2,6.0,14.4,3.4,0.2,0.8,-0.4,0.4666666666666667,1.4666666666666666,9.133333333333333,2.8,3.8666666666666667,11.6,2.2,0.4,0.0,0.6,9.6,2.2,4.6,11.6,1.6,0.6,0.6,-0.4
2025-12-14,Celta,Ath Bilbao,1,1.2,1.2666666666666666,10.933333333333334,3.8666666666666667,4.333333333333333,12.133333333333333,1.9333333333333333,0.06666666666666667,1.4,1.2,10.0,4.4,2.6,12.8,1.6,0.0,1.8,0.2,0.9375,1.25,12.9375,4.0,5.375,13.3125,1.9375,0.1875,0.8,1.4,14.2,4.0,5.2,12.8,2.0,0.2,1.8,0.2
2025-12-14,Alaves,Real Madrid,2,0.8666666666666667,1.0,11.333333333333334,3.4,5.266666666666667,16.333333333333332,2.4,0.06666666666666667,0.8,1.2,11.0,3.2,3.0,17.4,2.8,0.2,1.2,-0.2,2.0,0.9375,19.875,7.125,6.3125,9.5625,1.8125,0.3125,1.2,1.0,20.4,6.2,7.2,7.6,1.6,0.6,1.2,0.0
2025-12-15,Vallecano,Betis,X,0.8666666666666667,1.0666666666666667,12.6,4.066666666666666,6.133333333333334,14.066666666666666,2.533333333333333,0.2,0.2,1.2,12.4,3.4,5.6,14.8,3.0,0.4,0.6,-0.4,1.6666666666666667,1.2666666666666666,14.866666666666667,4.733333333333333,4.933333333333334,10.333333333333334,2.2666666666666666,0.06666666666666667,2.0,1.4,14.6,5.2,5.0,13.0,2.8,0.2,1.6,0.2
2025-12-19,Valencia,Mallorca,X,0.9375,1.5625,10.8125,2.875,5.0,12.0625,1.8125,0.0625,1.0,1.0,13.0,2.8,5.6,12.2,2.4,0.0,1.2,0.0,1.125,1.4375,10.875,4.1875,3.3125,11.625,2.125,0.1875,1.4,1.0,10.0,5.0,2.0,11.6,1.8,0.0,1.6,0.2
2025-12-20,Oviedo,Celta,X,0.4375,1.625,8.875,2.6875,3.8125,11.625,2.1875,0.4375,0.0,1.4,9.0,2.0,4.4,10.6,1.4,0.8,0.4,-0.6,1.25,1.1875,10.5625,3.75,4.125,12.0625,2.0,0.0625,1.4,1.0,7.0,3.6,2.0,12.6,1.6,0.0,1.8,0.2
2025-12-20,Levante,Sociedad,X,1.0666666666666667,1.8666666666666667,10.4,3.533333333333333,3.1333333333333333,12.266666666666667,2.066666666666667,0.06666666666666667,0.4,2.0,9.0,3.2,3.0,9.8,2.2,0.2,0.0,-1.0,1.25,1.5,13.375,4.6875,6.3125,15.75,2.25,0.0,1.4,1.6,13.8,5.2,5.2,14.6,2.2,0.0,0.8,-0.4
2025-12-20,Osasuna,Alaves,1,0.875,1.25,10.125,3.375,3.0,12.6875,2.3125,0.1875,1.0,1.6,10.8,3.4,4.2,12.8,3.0,0.2,0.8,-0.4,0.875,1.0625,11.0,3.3125,5.25,16.0625,2.4375,0.0625,0.6,1.4,9.6,2.8,3.8,17.0,2.6,0.0,0.6,-0.6
2025-12-20,Real Madrid,Sevilla,1,2.0,0.9411764705882353,19.470588235294116,7.0588235294117645,6.352941176470588,9.764705882352942,1.7647058823529411,0.29411764705882354,1.6,1.2,18.8,6.4,7.0,8.8,1.4,0.6,1.6,0.2,1.5,1.5,10.8125,3.4375,5.125,15.0625,3.1875,0.0625,1.4,1.0,11.6,4.2,6.2,14.2,3.0,0.2,1.4,0.0
2025-12-21,Girona,Ath Madrid,2,0.9375,1.875,9.625,3.6875,3.9375,10.375,2.1875,0.3125,1.0,1.2,10.6,3.4,2.6,10.4,2.4,0.0,1.6,0.2,1.7647058823529411,0.9411764705882353,12.941176470588236,5.647058823529412,7.0,11.235294117647058,1.9411764705882353,0.11764705882352941,1.2,1.0,10.2,5.0,5.8,11.2,1.8,0.0,1.8,0.2
2025-12-21,Villarreal,Barcelona,2,2.066666666666667,0.8666666666666667,13.266666666666667,5.066666666666666,4.466666666666667,12.6,2.466666666666667,0.06666666666666667,2.6,0.6,11.8,5.4,3.0,14.0,2.8,0.0,3.0,1.0,2.8823529411764706,1.1764705882352942,19.941176470588236,7.705882352941177,6.9411764705882355,9.294117647058824,1.588235294117647,0.11764705882352941,3.4,1.0,19.2,6.8,7.2,9.0,1.0,0.0,3.0,1.0
2025-12-21,Elche,Vallecano,1,1.1875,1.25,11.0,3.875,3.0,13.0,1.6875,0.125,1.4,1.4,11.2,3.8,2.2,13.2,1.4,0.2,1.0,-0.2,0.8125,1.0,13.25,4.25,6.25,13.8125,2.625,0.1875,0.2,0.4,14.4,4.2,6.2,14.6,3.6,0.4,0.8,-0.2
2025-12-21,Betis,Getafe,1,1.5625,1.1875,14.75,4.8125,4.8125,10.125,2.1875,0.0625,1.4,1.4,14.2,4.8,4.8,12.6,3.0,0.2,1.2,0.0,0.8125,1.125,9.3125,2.5625,4.875,15.25,2.6875,0.1875,0.2,1.0,11.0,2.2,6.4,13.6,3.0,0.2,0.6,-0.6
2025-12-22,Ath Bilbao,Espanol,2,0.8823529411764706,1.2941176470588236,13.0,3.8823529411764706,5.294117647058823,13.294117647058824,1.9411764705882353,0.17647058823529413,0.6,1.8,12.8,3.0,4.6,13.0,2.2,0.2,1.2,-0.2,1.25,1.0,12.8125,4.4375,4.3125,13.875,1.9375,0.125,1.0,0.6,9.2,3.2,4.2,15.6,2.2,0.2,2.4,0.6
2026-01-02,Vallecano,Getafe,X,0.7647058823529411,1.1764705882352942,13.529411764705882,4.470588235294118,6.176470588235294,13.647058823529411,2.6470588235294117,0.17647058823529413,0.2,1.2,15.4,5.4,6.2,13.4,3.6,0.4,0.6,-0.4,0.7647058823529411,1.2941176470588236,9.647058823529411,2.588235294117647,4.882352941176471,15.058823529411764,2.588235294117647,0.17647058823529413,0.2,1.6,11.2,2.2,4.6,14.4,2.8,0.2,0.6,-0.6
2026-01-03,Celta,Valencia,1,1.1764705882352942,1.1176470588235294,10.294117647058824,3.6470588235294117,4.0588235294117645,11.764705882352942,1.9411764705882353,0.058823529411764705,1.0,0.2,7.2,3.4,2.2,11.4,1.6,0.0,2.0,0.4,0.9411764705882353,1.5294117647058822,11.176470588235293,2.823529411764706,5.411764705882353,11.941176470588236,1.8235294117647058,0.058823529411764705,1.0,1.0,13.0,2.4,6.6,11.6,2.2,0.0,1.2,0.0
2026-01-03,Osasuna,Ath Bilbao,X,1.0,1.1764705882352942,10.470588235294118,3.588235294117647,3.3529411764705883,12.882352941176471,2.2941176470588234,0.17647058823529413,1.6,1.4,12.2,4.2,4.8,13.4,2.8,0.2,1.4,0.0,0.8888888888888888,1.3333333333333333,13.222222222222221,4.055555555555555,5.444444444444445,13.11111111111111,2.111111111111111,0.16666666666666666,0.8,1.4,13.6,4.0,4.8,13.2,2.8,0.0,1.2,-0.2
2026-01-03,Elche,Villarreal,2,1.3529411764705883,1.1764705882352942,11.411764705882353,4.0,3.0588235294117645,13.117647058823529,1.7058823529411764,0.11764705882352941,2.0,1.2,12.4,4.4,2.8,13.4,1.6,0.2,1.4,0.0,1.9375,0.9375,13.3125,5.0625,4.5,12.4375,2.375,0.125,1.8,1.0,11.4,5.0,3.4,14.6,2.8,0.2,2.4,0.6
2026-01-03,Espanol,Barcelona,2,1.2941176470588236,1.0,12.647058823529411,4.470588235294118,4.294117647058823,13.588235294117647,1.9411764705882353,0.11764705882352941,1.4,0.4,8.4,3.6,4.2,15.6,2.6,0.2,3.0,1.0,2.8333333333333335,1.1111111111111112,19.88888888888889,7.555555555555555,7.111111111111111,9.222222222222221,1.5555555555555556,0.1111111111111111,3.0,1.0,19.2,6.4,8.2,8.8,1.2,0.0,3.0,1.0
2026-01-04,Sevilla,Levante,2,1.411764705882353,1.5294117647058822,11.0,3.5294117647058822,5.117647058823529,15.294117647058824,3.2941176470588234,0.11764705882352941,1.2,1.4,12.4,4.4,6.2,13.8,3.0,0.4,0.8,-0.4,1.0625,1.8125,10.5625,3.5,3.375,12.5,2.3125,0.0625,0.4,1.8,9.8,3.2,3.6,11.0,3.0,0.0,0.2,-0.8
2026-01-04,Real Madrid,Betis,1,2.0,0.8888888888888888,19.38888888888889,7.111111111111111,6.333333333333333,9.944444444444445,1.7777777777777777,0.2777777777777778,1.6,0.8,18.4,6.6,6.6,9.8,1.8,0.6,2.0,0.4,1.7058823529411764,1.1176470588235294,15.0,5.0,4.9411764705882355,10.294117647058824,2.0588235294117645,0.058823529411764705,2.0,1.2,16.2,6.0,5.8,13.2,2.4,0.2,1.6,0.2
2026-01-04,Alaves,Oviedo,X,0.8235294117647058,1.1764705882352942,10.764705882352942,3.2941176470588234,4.9411764705882355,15.764705882352942,2.411764705882353,0.058823529411764705,0.6,1.8,8.2,2.4,3.6,16.2,2.4,0.0,0.6,-0.6,0.4117647058823529,1.5294117647058822,8.941176470588236,2.7058823529411766,3.823529411764706,11.764705882352942,2.176470588235294,0.4117647058823529,0.0,1.2,10.0,2.2,4.4,11.8,1.6,0.8,0.6,-0.4
2026-01-04,Mallorca,Girona,2,1.1176470588235294,1.411764705882353,10.470588235294118,4.0588235294117645,3.2941176470588234,11.647058823529411,2.176470588235294,0.17647058823529413,1.4,1.2,9.6,4.6,2.4,11.0,2.4,0.0,1.2,0.0,0.8823529411764706,1.9411764705882353,9.588235294117647,3.588235294117647,3.8823529411764706,10.176470588235293,2.176470588235294,0.29411764705882354,0.8,1.8,10.4,3.4,2.0,10.0,2.8,0.0,1.0,-0.2
2026-01-04,Sociedad,Ath Madrid,X,1.2352941176470589,1.4705882352941178,13.647058823529411,4.764705882352941,6.529411764705882,15.588235294117647,2.235294117647059,0.0,1.4,1.6,14.8,5.4,6.6,14.2,2.0,0.0,0.8,-0.4,1.8333333333333333,0.8888888888888888,13.0,5.666666666666667,6.833333333333333,11.38888888888889,1.8333333333333333,0.1111111111111111,1.6,1.0,10.4,5.0,5.2,10.6,1.2,0.0,1.8,0.2
2026-01-09,Getafe,Sociedad,2,0.7777777777777778,1.2777777777777777,9.777777777777779,2.6666666666666665,4.722222222222222,14.777777777777779,2.6666666666666665,0.16666666666666666,0.4,1.6,11.8,2.8,3.8,14.6,3.2,0.2,0.8,-0.4,1.2222222222222223,1.4444444444444444,13.88888888888889,4.944444444444445,6.5,15.333333333333334,2.2777777777777777,0.0,1.0,1.6,14.6,5.2,7.2,15.0,2.2,0.0,0.4,-0.6
2026-01-10,Oviedo,Betis,X,0.4444444444444444,1.5,9.444444444444445,2.888888888888889,4.0,12.222222222222221,2.2222222222222223,0.4444444444444444,0.2,1.4,12.0,2.8,4.8,13.6,2.0,0.8,0.6,-0.4,1.6666666666666667,1.3333333333333333,14.88888888888889,5.0,5.111111111111111,10.38888888888889,2.0,0.05555555555555555,2.0,2.0,14.2,5.6,5.8,13.6,2.0,0.0,1.4,0.0
2026-01-10,Villarreal,Alaves,1,2.0,0.9411764705882353,13.235294117647058,5.0,4.352941176470588,12.352941176470589,2.411764705882353,0.11764705882352941,2.0,1.2,12.0,5.2,3.4,15.0,3.0,0.2,2.4,0.6,0.8333333333333334,1.1666666666666667,11.166666666666666,3.5,5.0,15.5,2.4444444444444446,0.1111111111111111,0.8,1.8,10.8,3.4,4.0,14.2,2.6,0.2,0.8,-0.4
2026-01-10,Girona,Osasuna,1,0.9444444444444444,1.8888888888888888,9.555555555555555,3.611111111111111,4.0,10.38888888888889,2.111111111111111,0.2777777777777778,1.0,1.8,10.0,3.4,3.2,9.6,2.2,0.0,1.4,0.0,1.0,1.1666666666666667,10.5,3.611111111111111,3.2222222222222223,12.833333333333334,2.3333333333333335,0.16666666666666666,1.6,1.0,11.6,4.2,4.4,13.2,2.8,0.0,1.6,0.2
2026-01-10,Valencia,Elche,X,0.9444444444444444,1.6666666666666667,11.444444444444445,2.9444444444444446,5.333333333333333,11.777777777777779,1.8888888888888888,0.05555555555555555,1.0,1.8,13.4,2.8,6.0,10.2,2.0,0.0,0.6,-0.4,1.3333333333333333,1.2777777777777777,11.61111111111111,3.888888888888889,3.2222222222222223,12.833333333333334,1.7777777777777777,0.1111111111111111,1.8,1.4,12.4,3.6,3.6,13.0,1.4,0.0,1.2,-0.2
2026-01-11,Vallecano,Mallorca,1,0.7777777777777778,1.1666666666666667,13.5,4.444444444444445,6.0,13.61111111111111,2.6666666666666665,0.16666666666666666,0.4,1.4,15.8,5.6,5.6,13.4,3.8,0.2,0.6,-0.4,1.1111111111111112,1.4444444444444444,10.38888888888889,3.9444444444444446,3.2777777777777777,11.555555555555555,2.1666666666666665,0.16666666666666666,1.4,1.2,9.6,4.4,2.8,11.4,2.4,0.0,1.2,0.0
2026-01-11,Levante,Espanol,X,1.1764705882352942,1.7058823529411764,10.294117647058824,3.5294117647058822,3.235294117647059,12.352941176470589,2.411764705882353,0.058823529411764705,0.8,1.2,9.8,3.4,3.0,11.8,3.6,0.0,0.8,-0.4,1.2222222222222223,1.0555555555555556,12.722222222222221,4.611111111111111,4.333333333333333,13.38888888888889,1.8888888888888888,0.1111111111111111,1.0,0.6,9.6,4.0,4.4,14.0,2.0,0.2,2.4,0.6
2026-01-12,Sevilla,Celta,2,1.3333333333333333,1.6111111111111112,11.222222222222221,3.7222222222222223,5.111111111111111,15.333333333333334,3.2777777777777777,0.1111111111111111,1.0,1.6,11.0,4.6,4.6,15.6,3.4,0.4,0.8,-0.4,1.3333333333333333,1.1111111111111112,10.38888888888889,3.7777777777777777,3.9444444444444446,11.666666666666666,1.8888888888888888,0.05555555555555555,1.6,0.4,8.2,3.8,2.2,10.4,1.4,0.0,2.0,0.4
2026-01-16,Espanol,Girona,2,1.2105263157894737,1.0526315789473684,13.052631578947368,4.526315789473684,4.2631578947368425,13.157894736842104,1.8421052631578947,0.10526315789473684,1.0,0.8,11.6,4.2,4.4,12.8,1.8,0.2,2.0,0.4,0.9473684210526315,1.7894736842105263,9.473684210526315,3.6315789473684212,3.8947368421052633,10.578947368421053,2.1052631578947367,0.3157894736842105,1.0,1.6,9.6,3.4,3.2,10.6,2.0,0.2,1.8,0.2
2026-01-17,Real Madrid,Levante,1,2.1578947368421053,0.8947368421052632,19.36842105263158,7.2105263157894735,6.2631578947368425,9.947368421052632,1.736842105263158,0.2631578947368421,2.4,0.8,17.2,7.6,6.6,9.2,2.0,0.6,2.4,0.6,1.1666666666666667,1.6666666666666667,10.166666666666666,3.4444444444444446,3.2777777777777777,12.222222222222221,2.2777777777777777,0.05555555555555555,1.0,1.2,9.8,3.6,3.8,10.8,3.0,0.0,1.0,-0.2
2026-01-17,Mallorca,Ath Bilbao,1,1.105263157894737,1.4736842105263157,10.31578947368421,3.8421052631578947,3.3684210526315788,11.68421052631579,2.3157894736842106,0.15789473684210525,1.2,1.2,10.0,4.0,3.4,12.2,2.8,0.0,1.0,-0.2,0.8947368421052632,1.3157894736842106,13.368421052631579,4.157894736842105,5.631578947368421,13.421052631578947,2.1578947368421053,0.15789473684210525,0.6,1.6,14.0,4.4,6.2,13.2,3.0,0.0,0.8,-0.4
2026-01-17,Osasuna,Oviedo,1,0.9473684210526315,1.1578947368421053,10.631578947368421,3.473684210526316,3.1052631578947367,12.842105263157896,2.526315789473684,0.15789473684210525,1.2,0.8,11.4,4.0,3.0,12.8,3.2,0.0,1.4,0.0,0.47368421052631576,1.4736842105263157,9.631578947368421,2.8947368421052633,4.052631578947368,12.368421052631579,2.263157894736842,0.42105263157894735,0.4,1.2,12.2,3.2,5.4,15.0,2.4,0.8,0.8,-0.2
2026-01-17,Betis,Villarreal,1,1.631578947368421,1.3157894736842106,14.894736842105264,5.052631578947368,4.947368421052632,10.263157894736842,1.9473684210526316,0.05263157894736842,1.8,2.2,15.4,6.0,5.4,10.8,1.6,0.0,1.0,-0.2,2.0555555555555554,0.9444444444444444,13.11111111111111,4.944444444444445,4.166666666666667,12.222222222222221,2.2777777777777777,0.1111111111111111,2.2,1.2,11.4,4.6,3.0,13.6,2.6,0.2,2.4,0.6
2026-01-18,Getafe,Valencia,2,0.7894736842105263,1.3157894736842106,9.578947368421053,2.6842105263157894,4.578947368421052,14.894736842105264,2.6315789473684212,0.15789473684210525,0.4,2.0,10.0,2.2,3.6,14.4,3.2,0.2,0.2,-0.8,0.9473684210526315,1.631578947368421,11.68421052631579,3.0,5.473684210526316,11.894736842105264,1.894736842105263,0.05263157894736842,1.0,1.8,14.6,3.2,6.6,11.2,2.2,0.0,0.6,-0.4
2026-01-18,Ath Madrid,Alaves,1,1.7894736842105263,0.8947368421052632,12.842105263157896,5.473684210526316,6.7894736842105265,11.473684210526315,1.8421052631578947,0.10526315789473684,1.4,1.2,9.6,3.8,5.0,12.2,1.6,0.0,1.4,0.0,0.8421052631578947,1.263157894736842,11.421052631578947,3.5789473684210527,5.052631578947368,15.421052631578947,2.4210526315789473,0.10526315789473684,0.8,1.8,12.2,4.0,4.4,13.6,2.4,0.2,0.8,-0.4
2026-01-18,Celta,Vallecano,1,1.3157894736842106,1.0526315789473684,10.31578947368421,3.9473684210526314,3.789473684210526,11.894736842105264,1.9473684210526316,0.05263157894736842,1.8,0.2,7.8,4.4,1.6,11.2,1.8,0.0,2.6,0.8,0.8421052631578947,1.1578947368421053,13.526315789473685,4.473684210526316,6.0,13.631578947368421,2.5789473684210527,0.21052631578947367,0.6,1.4,14.8,5.2,4.8,14.0,3.8,0.4,1.0,-0.2
2026-01-18,Sociedad,Barcelona,1,1.263157894736842,1.4210526315789473,13.789473684210526,4.947368421052632,6.368421052631579,15.421052631578947,2.210526315789474,0.0,1.0,1.2,13.4,4.8,6.4,15.4,1.8,0.0,1.0,-0.2,2.789473684210526,1.0526315789473684,19.63157894736842,7.473684210526316,7.105263157894737,9.473684210526315,1.4736842105263157,0.10526315789473684,2.8,0.8,18.6,6.4,8.6,9.6,0.8,0.0,3.0,1.0
2026-01-19,Elche,Sevilla,X,1.3157894736842106,1.263157894736842,11.263157894736842,3.736842105263158,3.3684210526315788,12.894736842105264,1.8421052631578947,0.10526315789473684,2.0,1.4,11.6,3.0,3.8,13.6,1.6,0.0,1.4,0.0,1.263157894736842,1.5789473684210527,11.0,3.6315789473684212,5.157894736842105,15.368421052631579,3.263157894736842,0.10526315789473684,1.0,1.4,10.6,4.4,4.6,16.0,3.6,0.2,0.8,-0.4
2026-01-23,Levante,Elche,1,1.105263157894737,1.6842105263157894,10.157894736842104,3.263157894736842,3.1052631578947367,12.31578947368421,2.210526315789474,0.05263157894736842,1.0,1.2,9.6,2.8,3.0,11.4,2.6,0.0,1.0,-0.2,1.35,1.3,11.2,3.8,3.65,12.8,1.9,0.1,1.8,1.8,11.4,2.8,5.2,12.2,2.2,0.0,1.0,-0.2
2026-01-24,Vallecano,Osasuna,2,0.8,1.25,13.55,4.4,6.05,13.65,2.6,0.25,0.6,1.8,16.4,5.4,5.8,12.4,2.8,0.4,1.0,-0.2,1.05,1.2,10.9,3.55,3.1,12.9,2.45,0.2,1.4,1.2,11.8,3.8,3.0,12.6,3.0,0.2,1.4,0.0
2026-01-24,Valencia,Espanol,1,0.95,1.55,11.45,2.9,5.35,12.2,1.95,0.1,1.0,1.6,13.8,2.8,6.8,12.4,2.2,0.2,1.0,-0.2,1.15,1.1,13.1,4.4,4.3,13.35,2.0,0.1,0.8,1.2,12.6,4.2,4.2,12.4,2.0,0.0,1.4,0.0
2026-01-24,Sevilla,Ath Bilbao,1,1.3,1.6,11.7,3.85,5.25,15.2,3.15,0.1,1.2,1.6,14.8,5.8,5.6,14.8,2.6,0.2,0.8,-0.4,0.95,1.4,13.75,4.5,5.7,13.25,2.3,0.25,1.0,1.6,16.4,5.8,6.6,12.2,3.6,0.4,0.8,-0.4
2026-01-24,Villarreal,Real Madrid,2,1.9473684210526316,1.0,12.894736842105264,4.842105263157895,4.105263157894737,12.263157894736842,2.263157894736842,0.15789473684210525,1.6,1.2,11.2,4.2,3.2,12.6,1.6,0.4,1.8,0.2,2.15,0.85,19.7,7.4,6.35,10.05,1.75,0.25,2.2,0.8,19.8,8.2,6.8,10.8,2.4,0.6,2.4,0.6
2026-01-25,Ath Madrid,Mallorca,1,1.75,0.85,13.35,5.5,6.75,11.55,1.8,0.1,1.4,0.6,12.8,4.6,5.4,13.0,1.6,0.0,2.0,0.4,1.2,1.5,10.7,4.1,3.35,11.6,2.25,0.15,1.8,1.6,11.0,4.6,3.0,11.8,2.8,0.0,1.4,0.0
2026-01-25,Barcelona,Oviedo,1,2.7,1.1,19.9,7.55,7.15,9.4,1.55,0.1,2.4,1.0,19.8,7.0,9.2,8.8,1.2,0.0,2.4,0.6,0.55,1.55,9.8,3.0,4.15,12.5,2.35,0.4,0.8,1.8,11.8,3.6,5.0,15.2,2.8,0.4,0.6,-0.4
2026-01-25,Sociedad,Celta,1,1.3,1.4,13.5,5.0,6.35,15.3,2.25,0.05,1.4,1.2,13.0,5.8,6.0,14.8,2.0,0.2,1.6,0.2,1.4,1.0,10.35,4.1,3.85,11.65,2.05,0.05,2.0,0.2,8.6,4.8,2.4,10.2,2.4,0.0,2.6,0.8
2026-01-25,Alaves,Betis,1,0.8,1.25,11.25,3.4,5.1,14.9,2.35,0.1,0.6,2.0,11.0,3.4,4.6,10.6,2.2,0.2,0.2,-0.8,1.65,1.25,14.9,5.1,4.8,10.45,2.0,0.05,1.6,1.2,15.0,6.2,4.4,10.8,1.2,0.0,1.6,0.2
2026-01-26,Girona,Getafe,X,1.0,1.7,9.35,3.65,3.9,10.9,2.25,0.3,1.4,1.0,9.4,3.4,3.6,11.4,2.4,0.2,2.4,0.6,0.75,1.3,9.8,2.7,4.8,14.55,2.6,0.15,0.4,1.8,11.6,2.8,4.8,13.0,2.8,0.0,0.2,-0.8
2026-01-30,Espanol,Alaves,2,1.1904761904761905,1.1904761904761905,13.238095238095237,4.476190476190476,4.428571428571429,13.19047619047619,2.142857142857143,0.09523809523809523,1.0,1.8,14.6,4.6,4.8,11.0,2.8,0.0,0.8,-0.4,0.8571428571428571,1.2380952380952381,11.523809523809524,3.6666666666666665,5.142857142857143,15.0,2.2857142857142856,0.09523809523809523,0.8,1.8,13.2,4.8,4.8,11.6,1.8,0.2,0.8,-0.4
2026-01-31,Oviedo,Girona,1,0.5238095238095238,1.619047619047619,9.904761904761905,3.0,4.0,12.904761904761905,2.3333333333333335,0.38095238095238093,0.8,1.6,13.2,4.0,4.6,17.0,2.8,0.2,0.6,-0.4,1.0,1.6666666666666667,9.476190476190476,3.6666666666666665,3.857142857142857,11.0,2.380952380952381,0.2857142857142857,1.2,1.0,9.0,3.6,3.6,13.0,3.0,0.2,2.0,0.4
2026-01-31,Osasuna,Villarreal,X,1.1428571428571428,1.1904761904761905,11.047619047619047,3.619047619047619,3.0952380952380953,13.0,2.4285714285714284,0.19047619047619047,2.0,1.0,14.0,4.4,3.4,14.0,2.8,0.2,2.0,0.4,1.85,1.05,12.65,4.65,4.2,12.6,2.3,0.15,1.2,1.6,10.8,3.4,3.4,12.6,1.8,0.4,1.2,-0.2
2026-01-31,Levante,Ath Madrid,X,1.2,1.7,10.95,3.4,3.4,12.35,2.2,0.05,1.6,1.2,12.6,3.0,4.2,12.6,2.6,0.0,1.6,0.2,1.8095238095238095,0.8095238095238095,13.523809523809524,5.619047619047619,6.904761904761905,11.476190476190476,1.8095238095238095,0.09523809523809523,2.0,0.4,14.8,5.6,6.2,12.6,1.6,0.0,2.6,0.8
2026-01-31,Elche,Barcelona,2,1.380952380952381,1.380952380952381,10.952380952380953,3.761904761904762,3.5238095238095237,12.80952380952381,1.9523809523809523,0.09523809523809523,2.0,1.8,10.8,3.4,5.2,12.2,2.8,0.0,1.0,-0.2,2.7142857142857144,1.0476190476190477,19.666666666666668,7.523809523809524,7.285714285714286,9.333333333333334,1.5238095238095237,0.09523809523809523,2.0,0.4,19.6,6.8,9.8,8.6,1.0,0.0,2.4,0.6
2026-02-01,Real Madrid,Vallecano,1,2.142857142857143,0.8095238095238095,19.428571428571427,7.238095238095238,6.333333333333333,10.047619047619047,1.7142857142857142,0.23809523809523808,2.6,0.4,18.0,7.6,6.4,11.6,1.4,0.0,3.0,1.0,0.8095238095238095,1.3333333333333333,13.428571428571429,4.380952380952381,5.9523809523809526,13.571428571428571,2.5714285714285716,0.23809523809523808,0.8,2.4,14.0,4.8,5.0,12.8,2.4,0.4,0.8,-0.4
2026-02-01,Betis,Valencia,1,1.619047619047619,1.2857142857142858,15.047619047619047,5.0476190476190474,4.761904761904762,10.476190476190476,1.9523809523809523,0.047619047619047616,1.8,1.6,16.0,5.8,4.6,11.6,1.2,0.0,1.4,0.0,1.0476190476190477,1.5714285714285714,11.380952380952381,3.0,5.190476190476191,12.238095238095237,1.9047619047619047,0.09523809523809523,1.4,1.6,13.2,3.4,5.8,12.8,2.2,0.2,1.6,0.2
2026-02-01,Getafe,Celta,X,0.7619047619047619,1.2857142857142858,9.714285714285714,2.6666666666666665,4.761904761904762,14.571428571428571,2.619047619047619,0.14285714285714285,0.6,1.8,11.0,3.0,4.4,12.4,2.4,0.0,0.4,-0.6,1.380952380952381,1.0952380952380953,10.666666666666666,4.095238095238095,4.095238095238095,11.714285714285714,2.0,0.047619047619047616,1.8,0.8,11.0,5.2,4.0,10.6,2.0,0.0,2.0,0.4
2026-02-01,Ath Bilbao,Sociedad,X,0.9523809523809523,1.4285714285714286,13.80952380952381,4.428571428571429,5.666666666666667,13.19047619047619,2.238095238095238,0.23809523809523808,1.0,2.0,16.6,5.8,6.6,12.8,3.2,0.4,0.2,-0.8,1.380952380952381,1.380952380952381,13.333333333333334,4.9523809523809526,6.142857142857143,14.904761904761905,2.1904761904761907,0.09523809523809523,1.8,1.0,13.2,5.8,5.6,12.2,2.0,0.4,2.2,0.6
2026-02-02,Mallorca,Sevilla,1,1.1428571428571428,1.5714285714285714,10.476190476190476,3.9523809523809526,3.3333333333333335,11.380952380952381,2.1904761904761907,0.14285714285714285,1.2,2.0,9.2,3.2,3.4,10.6,2.4,0.0,0.8,-0.4,1.3333333333333333,1.5714285714285714,11.619047619047619,4.0,5.238095238095238,15.238095238095237,3.0952380952380953,0.09523809523809523,0.8,1.8,14.2,5.8,5.6,15.8,2.8,0.2,0.8,-0.4
2026-02-06,Celta,Osasuna,2,1.3181818181818181,1.0454545454545454,10.409090909090908,3.9545454545454546,4.045454545454546,11.818181818181818,2.0,0.045454545454545456,1.8,0.8,10.8,5.0,4.0,12.0,2.2,0.0,2.0,0.4,1.1818181818181819,1.2272727272727273,11.227272727272727,3.6818181818181817,3.227272727272727,13.090909090909092,2.409090909090909,0.18181818181818182,1.8,1.4,13.8,4.0,2.8,13.8,2.8,0.2,1.6,0.2
2026-02-07,Barcelona,Mallorca,1,2.727272727272727,1.0454545454545454,20.136363636363637,7.545454545454546,7.318181818181818,9.318181818181818,1.5,0.09090909090909091,2.2,0.6,20.8,7.0,8.6,9.4,1.2,0.0,2.4,0.6,1.2727272727272727,1.5454545454545454,10.5,4.090909090909091,3.3636363636363638,11.590909090909092,2.1363636363636362,0.13636363636363635,1.8,2.0,10.6,4.2,3.6,11.4,2.0,0.0,1.2,-0.2
2026-02-07,Sociedad,Elche,1,1.3636363636363635,1.3636363636363635,13.136363636363637,5.0,6.0,14.863636363636363,2.1818181818181817,0.13636363636363635,1.8,1.0,11.4,5.8,4.2,12.4,2.0,0.6,2.2,0.6,1.3636363636363635,1.4545454545454546,10.863636363636363,3.727272727272727,3.4545454545454546,12.909090909090908,1.9545454545454546,0.09090909090909091,1.4,2.4,9.0,2.8,4.8,12.2,2.8,0.0,0.4,-0.6
2026-02-08,Alaves,Getafe,2,0.9090909090909091,1.2272727272727273,11.5,3.8181818181818183,5.0,15.0,2.227272727272727,0.09090909090909091,1.2,1.4,14.0,5.6,5.2,12.4,1.6,0.2,1.4,0.0,0.7272727272727273,1.2272727272727273,9.681818181818182,2.6363636363636362,4.7727272727272725,14.636363636363637,2.5454545454545454,0.13636363636363635,0.6,1.0,9.8,2.8,4.4,13.2,2.4,0.0,0.6,-0.4
2026-02-08,Ath Bilbao,Levante,1,0.9545454545454546,1.4090909090909092,14.045454545454545,4.409090909090909,5.681818181818182,13.227272727272727,2.3181818181818183,0.22727272727272727,1.2,1.8,17.6,6.2,7.0,13.0,3.6,0.4,0.4,-0.6,1.1428571428571428,1.619047619047619,10.904761904761905,3.3333333333333335,3.4285714285714284,12.285714285714286,2.1904761904761907,0.047619047619047616,1.4,1.0,12.0,2.8,3.6,11.6,1.8,0.0,1.6,0.2
2026-02-08,Sevilla,Girona,X,1.3181818181818181,1.6818181818181819,11.772727272727273,4.045454545454546,5.363636363636363,14.909090909090908,3.0,0.09090909090909091,1.0,2.2,14.4,5.8,6.2,13.6,2.0,0.0,0.8,-0.4,0.9545454545454546,1.6363636363636365,9.454545454545455,3.5454545454545454,3.8636363636363638,11.227272727272727,2.3181818181818183,0.2727272727272727,1.2,0.6,9.0,3.4,3.8,14.8,2.8,0.2,2.0,0.4
2026-02-08,Ath Madrid,Betis,2,1.7272727272727273,0.7727272727272727,13.363636363636363,5.545454545454546,6.909090909090909,11.5,1.7727272727272727,0.09090909090909091,1.6,0.2,14.8,5.2,6.6,12.4,1.2,0.0,2.2,0.6,1.6363636363636365,1.2727272727272727,15.0,4.909090909090909,4.681818181818182,10.681818181818182,1.8636363636363635,0.045454545454545456,1.4,1.8,15.0,4.6,3.8,12.0,1.2,0.0,1.4,0.0
2026-02-08,Valencia,Real Madrid,2,1.0454545454545454,1.5909090909090908,11.545454545454545,3.0454545454545454,5.181818181818182,12.272727272727273,2.0,0.09090909090909091,1.4,1.8,12.8,3.8,4.4,13.4,2.6,0.2,1.4,0.0,2.1363636363636362,0.8181818181818182,19.272727272727273,7.181818181818182,6.454545454545454,9.863636363636363,1.7272727272727273,0.22727272727272727,2.6,0.4,18.6,7.6,6.8,10.2,1.6,0.0,3.0,1.0
2026-02-09,Villarreal,Espanol,1,1.8571428571428572,1.0952380952380953,12.285714285714286,4.619047619047619,4.095238095238095,12.333333333333334,2.2857142857142856,0.14285714285714285,1.6,1.6,9.0,3.2,2.8,12.0,2.0,0.2,1.4,0.0,1.1818181818181819,1.2272727272727273,13.090909090909092,4.409090909090909,4.409090909090909,13.272727272727273,2.0454545454545454,0.09090909090909091,0.8,2.0,14.6,4.2,4.8,12.2,2.4,0.0,0.2,-0.8
2026-02-13,Elche,Osasuna,X,1.3478260869565217,1.5217391304347827,10.869565217391305,3.782608695652174,3.4782608695652173,12.695652173913043,2.0434782608695654,0.08695652173913043,1.4,2.4,8.2,3.4,4.4,12.2,3.0,0.0,0.4,-0.6,1.2173913043478262,1.2173913043478262,11.08695652173913,3.608695652173913,3.217391304347826,13.130434782608695,2.391304347826087,0.17391304347826086,2.0,1.4,13.2,3.6,3.2,14.2,2.6,0.2,2.0,0.4
2026-02-14,Espanol,Celta,X,1.173913043478261,1.3478260869565217,12.91304347826087,4.304347826086956,4.565217391304348,13.173913043478262,2.0869565217391304,0.08695652173913043,1.0,2.4,13.6,3.2,5.4,12.4,2.8,0.0,0.2,-0.8,1.3043478260869565,1.0869565217391304,10.73913043478261,3.9565217391304346,4.173913043478261,11.695652173913043,2.0,0.043478260869565216,1.2,1.0,12.0,4.6,5.0,11.8,2.4,0.0,1.4,0.0
2026-02-14,Getafe,Villarreal,1,0.782608695652174,1.173913043478261,10.0,2.739130434782609,4.695652173913044,14.869565217391305,2.652173913043478,0.13043478260869565,0.8,0.8,10.8,3.0,4.6,15.2,2.6,0.0,1.0,-0.2,1.9545454545454546,1.0909090909090908,12.181818181818182,4.545454545454546,4.136363636363637,12.590909090909092,2.3181818181818183,0.13636363636363635,1.8,1.6,8.6,3.0,3.4,13.4,2.0,0.2,1.4,0.0
2026-02-14,Sevilla,Alaves,X,1.3043478260869565,1.6521739130434783,11.73913043478261,4.0,5.3478260869565215,14.956521739130435,3.0,0.08695652173913043,1.2,1.8,13.6,5.0,6.2,13.6,2.0,0.0,1.0,-0.2,0.8695652173913043,1.2608695652173914,11.565217391304348,3.869565217391304,5.043478260869565,15.217391304347826,2.217391304347826,0.08695652173913043,1.0,1.6,13.0,5.2,5.2,14.2,1.4,0.0,1.2,-0.2
2026-02-14,Real Madrid,Sociedad,1,2.130434782608696,0.782608695652174,18.91304347826087,7.130434782608695,6.521739130434782,10.0,1.6956521739130435,0.21739130434782608,2.6,0.4,17.2,7.2,7.2,10.2,1.4,0.0,3.0,1.0,1.434782608695652,1.3478260869565217,13.043478260869565,4.913043478260869,5.826086956521739,14.826086956521738,2.0869565217391304,0.13043478260869565,2.2,1.0,10.0,4.8,3.4,13.0,1.4,0.6,2.6,0.8
2026-02-15,Oviedo,Ath Bilbao,2,0.5454545454545454,1.5454545454545454,9.818181818181818,3.0454545454545454,4.0,12.863636363636363,2.272727272727273,0.36363636363636365,1.0,1.6,12.8,4.2,4.6,16.6,2.6,0.2,1.0,-0.2,1.0869565217391304,1.434782608695652,14.391304347826088,4.521739130434782,5.608695652173913,13.391304347826088,2.3043478260869565,0.21739130434782608,1.8,1.8,18.6,6.2,6.2,14.4,3.0,0.4,1.0,-0.2
2026-02-15,Vallecano,Ath Madrid,1,0.8181818181818182,1.3636363636363635,13.318181818181818,4.363636363636363,5.863636363636363,13.772727272727273,2.8181818181818183,0.3181818181818182,1.0,2.0,12.6,4.0,4.8,14.2,3.4,0.8,0.8,-0.4,1.6521739130434783,0.782608695652174,13.217391304347826,5.521739130434782,6.913043478260869,11.521739130434783,1.826086956521739,0.08695652173913043,1.0,0.4,14.0,5.0,7.2,12.0,1.8,0.0,1.6,0.2
2026-02-15,Levante,Valencia,2,1.1818181818181819,1.7272727272727273,10.681818181818182,3.3181818181818183,3.409090909090909,12.181818181818182,2.1363636363636362,0.09090909090909091,1.2,1.8,12.0,2.6,4.0,11.6,1.2,0.2,1.0,-0.2,1.0,1.608695652173913,11.347826086956522,2.9130434782608696,5.173913043478261,12.173913043478262,1.9565217391304348,0.08695652173913043,1.2,1.4,11.0,2.8,4.6,13.6,2.2,0.2,1.4,0.0
2026-02-15,Mallorca,Betis,2,1.2173913043478262,1.608695652173913,10.434782608695652,4.086956521739131,3.347826086956522,11.478260869565217,2.0434782608695654,0.13043478260869565,1.6,2.2,10.6,4.6,3.6,11.2,1.6,0.0,1.2,-0.2,1.608695652173913,1.2173913043478262,14.695652173913043,4.869565217391305,4.608695652173913,10.347826086956522,1.826086956521739,0.043478260869565216,1.4,0.8,14.0,4.4,2.8,10.2,1.2,0.0,2.0,0.4
2026-02-16,Girona,Barcelona,1,0.9565217391304348,1.608695652173913,9.695652173913043,3.652173913043478,4.0,11.304347826086957,2.347826086956522,0.2608695652173913,1.0,0.6,10.2,3.8,4.0,14.6,3.2,0.2,1.6,0.2,2.739130434782609,1.0,20.304347826086957,7.521739130434782,7.521739130434782,9.217391304347826,1.434782608695652,0.08695652173913043,2.4,0.6,21.8,7.4,9.0,9.2,1.0,0.0,2.4,0.6
2026-02-18,Levante,Villarreal,2,1.1304347826086956,1.7391304347826086,10.608695652173912,3.217391304347826,3.391304347826087,12.130434782608695,2.1739130434782608,0.13043478260869565,1.0,2.0,12.2,2.4,3.8,11.8,1.8,0.4,0.8,-0.4,1.9130434782608696,1.1304347826086956,12.0,4.434782608695652,4.130434782608695,12.782608695652174,2.347826086956522,0.13043478260869565,1.4,1.8,8.0,2.6,4.0,14.8,2.6,0.2,0.8,-0.4
2026-02-20,Ath Bilbao,Elche,1,1.125,1.4166666666666667,14.333333333333334,4.5,5.5,13.666666666666666,2.3333333333333335,0.20833333333333334,2.0,1.8,18.0,5.8,5.0,14.6,3.0,0.4,1.4,0.0,1.2916666666666667,1.4583333333333333,11.125,3.8333333333333335,3.75,12.708333333333334,2.0416666666666665,0.08333333333333333,1.2,2.2,10.6,4.2,5.2,12.0,2.8,0.0,0.4,-0.6
2026-02-21,Sociedad,Oviedo,X,1.4166666666666667,1.4583333333333333,13.041666666666666,4.833333333333333,5.833333333333333,14.583333333333334,2.0416666666666665,0.125,2.0,1.6,10.2,4.4,3.8,11.4,1.4,0.6,2.0,0.4,0.5652173913043478,1.565217391304348,9.695652173913043,2.9565217391304346,3.9130434782608696,12.652173913043478,2.260869565217391,0.34782608695652173,1.0,1.8,10.6,3.2,3.6,14.2,2.4,0.0,0.8,-0.4
2026-02-21,Betis,Vallecano,X,1.625,1.2083333333333333,14.791666666666666,5.0,4.541666666666667,10.333333333333334,1.875,0.041666666666666664,1.6,0.8,14.4,4.8,3.0,10.6,1.6,0.0,2.4,0.6,0.9130434782608695,1.3043478260869565,13.304347826086957,4.565217391304348,5.782608695652174,13.608695652173912,2.739130434782609,0.30434782608695654,1.4,1.8,12.6,5.0,5.0,13.6,3.0,0.8,1.2,-0.2
2026-02-21,Osasuna,Real Madrid,1,1.1666666666666667,1.1666666666666667,10.875,3.5416666666666665,3.2083333333333335,13.333333333333334,2.4583333333333335,0.16666666666666666,2.0,1.2,11.8,3.8,3.6,15.2,2.2,0.2,2.2,0.6,2.2083333333333335,0.7916666666666666,18.583333333333332,7.041666666666667,6.416666666666667,10.0,1.6666666666666667,0.20833333333333334,2.4,0.4,15.6,6.4,7.0,10.2,1.4,0.0,3.0,1.0
2026-02-21,Ath Madrid,Espanol,1,1.5833333333333333,0.875,13.041666666666666,5.416666666666667,6.958333333333333,11.583333333333334,1.875,0.08333333333333333,0.8,0.8,13.8,5.2,7.6,12.0,2.0,0.0,1.4,0.0,1.2083333333333333,1.375,12.75,4.25,4.458333333333333,13.0,2.0416666666666665,0.08333333333333333,1.2,2.6,11.6,3.2,5.2,12.4,2.8,0.0,0.2,-0.8
2026-02-22,Getafe,Sevilla,2,0.8333333333333334,1.1666666666666667,9.791666666666666,2.7083333333333335,4.625,15.125,2.625,0.125,1.0,0.6,10.6,2.8,4.8,16.0,2.6,0.0,1.6,0.2,1.2916666666666667,1.625,11.416666666666666,3.9166666666666665,5.125,15.0,3.0833333333333335,0.16666666666666666,1.4,1.8,13.0,5.0,5.0,13.6,2.4,0.4,1.2,0.0
2026-02-22,Barcelona,Levante,1,2.6666666666666665,1.0416666666666667,20.583333333333332,7.375,7.5,9.083333333333334,1.4583333333333333,0.08333333333333333,2.2,1.0,24.2,7.0,9.0,7.6,1.4,0.0,1.8,0.2,1.0833333333333333,1.7083333333333333,10.833333333333334,3.25,3.375,12.166666666666666,2.2083333333333335,0.125,1.0,1.8,13.4,3.2,4.4,11.6,2.2,0.4,0.8,-0.4
2026-02-22,Celta,Mallorca,1,1.3333333333333333,1.125,10.875,4.0,4.083333333333333,11.666666666666666,1.9166666666666667,0.041666666666666664,1.4,1.4,13.0,4.2,5.2,10.8,1.8,0.0,1.0,-0.2,1.2083333333333333,1.625,10.583333333333334,4.041666666666667,3.5,11.666666666666666,2.125,0.125,1.6,2.2,11.6,4.8,4.0,11.6,1.4,0.0,1.2,-0.2
2026-02-22,Villarreal,Valencia,1,1.875,1.0833333333333333,12.125,4.5,4.041666666666667,13.083333333333334,2.4166666666666665,0.125,1.6,1.4,9.2,3.2,3.8,16.2,3.0,0.0,1.4,0.0,1.0416666666666667,1.5416666666666667,11.083333333333334,2.875,5.041666666666667,12.083333333333334,1.9583333333333333,0.08333333333333333,1.4,1.2,8.8,2.4,3.4,12.8,2.2,0.2,1.8,0.2
2026-02-23,Alaves,Girona,X,0.875,1.25,11.583333333333334,3.75,4.958333333333333,15.125,2.125,0.08333333333333333,1.0,1.2,12.2,4.4,4.6,14.0,1.0,0.0,1.4,0.0,1.0,1.5833333333333333,9.833333333333334,3.875,3.9583333333333335,11.25,2.2916666666666665,0.2916666666666667,1.2,0.8,11.2,4.8,4.2,13.8,3.0,0.2,1.6,0.2
2026-02-27,Levante,Alaves,1,1.04,1.76,10.6,3.2,3.48,12.08,2.16,0.12,0.4,2.0,9.2,2.4,3.8,11.0,2.0,0.4,0.2,-0.8,0.92,1.28,11.8,3.84,5.04,15.24,2.12,0.08,1.4,1.4,14.0,5.6,4.8,16.6,1.2,0.0,1.6,0.2
2026-02-28,Vallecano,Ath Bilbao,X,0.9166666666666666,1.2916666666666667,13.25,4.5,5.75,13.583333333333334,2.75,0.2916666666666667,1.2,1.8,12.2,4.6,4.8,13.4,3.4,0.6,0.8,-0.4,1.16,1.4,14.48,4.64,5.44,13.84,2.36,0.2,2.0,1.4,17.4,5.2,4.4,16.2,2.6,0.0,2.0,0.4
2026-02-28,Barcelona,Villarreal,1,2.68,1.0,20.64,7.44,7.72,9.2,1.48,0.08,2.6,0.6,23.6,7.0,10.0,8.4,1.2,0.0,2.4,0.6,1.88,1.08,12.12,4.52,4.08,12.84,2.4,0.12,2.0,1.2,10.0,4.0,3.6,13.8,2.8,0.0,2.0,0.4
2026-02-28,Mallorca,Sociedad,2,1.16,1.64,10.2,3.88,3.44,11.6,2.24,0.12,1.0,2.2,8.2,3.0,3.8,11.6,2.2,0.0,0.6,-0.6,1.48,1.52,13.12,4.96,5.88,14.52,2.04,0.12,2.2,2.0,11.6,4.8,4.0,11.4,1.2,0.4,1.6,0.2
2026-02-28,Oviedo,Ath Madrid,2,0.6666666666666666,1.625,9.875,3.0833333333333335,4.0,12.791666666666666,2.2083333333333335,0.3333333333333333,1.4,2.2,10.8,3.8,3.8,14.4,2.0,0.0,0.8,-0.4,1.68,0.92,13.24,5.56,6.88,11.44,1.8,0.08,1.4,1.2,12.8,5.8,7.4,11.0,1.8,0.0,1.4,0.0
2026-03-01,Elche,Espanol,X,1.28,1.48,10.76,3.76,3.64,12.56,2.08,0.08,1.0,2.2,9.0,3.6,3.6,11.6,2.8,0.0,0.2,-0.8,1.24,1.48,12.56,4.16,4.4,12.88,2.0,0.08,1.6,3.0,10.4,3.2,4.8,11.0,2.0,0.0,0.2,-0.8
2026-03-01,Valencia,Osasuna,1,1.04,1.56,10.96,2.88,5.0,12.24,2.04,0.08,1.4,1.6,9.0,2.8,3.6,12.4,2.4,0.0,1.2,-0.2,1.2,1.16,10.96,3.48,3.2,13.56,2.44,0.16,1.8,1.0,11.2,3.2,3.6,16.2,2.4,0.0,2.2,0.6
2026-03-01,Betis,Sevilla,X,1.6,1.2,14.76,4.92,4.48,10.48,1.96,0.04,1.4,1.0,14.2,4.2,3.2,10.6,1.8,0.0,2.0,0.4,1.28,1.56,11.2,3.8,5.0,15.12,3.0,0.16,1.2,1.4,9.2,3.6,4.0,14.8,2.4,0.4,1.6,0.2
2026-03-01,Girona,Celta,2,1.04,1.6,9.84,3.92,4.04,11.04,2.28,0.28,1.2,1.2,11.8,5.0,4.6,11.6,2.4,0.2,1.2,0.0,1.36,1.08,11.24,4.12,4.2,11.64,1.88,0.04,1.2,1.4,14.8,4.2,5.6,11.6,1.2,0.0,1.0,-0.2
2026-03-02,Real Madrid,Getafe,2,2.16,0.84,18.44,6.96,6.44,10.0,1.76,0.2,2.2,0.8,13.4,5.2,6.8,9.8,1.8,0.0,2.4,0.6,0.8,1.16,9.64,2.72,4.52,14.72,2.56,0.16,1.0,0.6,9.0,2.8,3.4,15.4,2.4,0.2,1.6,0.2
2026-03-04,Vallecano,Oviedo,1,0.92,1.28,13.32,4.6,5.72,13.36,2.72,0.28,1.4,1.4,12.4,5.4,4.4,12.2,3.2,0.4,1.0,-0.2,0.64,1.6,10.12,3.2,4.16,12.76,2.2,0.32,1.0,1.8,11.4,4.0,4.2,13.8,1.6,0.0,0.8,-0.4
2026-03-06,Celta,Real Madrid,2,1.3846153846153846,1.0769230769230769,11.076923076923077,4.153846153846154,4.269230769230769,11.5,1.8846153846153846,0.038461538461538464,1.4,1.0,12.8,4.4,5.0,10.6,1.4,0.0,1.6,0.2,2.076923076923077,0.8461538461538461,18.423076923076923,6.961538461538462,6.576923076923077,10.038461538461538,1.8461538461538463,0.23076923076923078,1.8,1.0,14.2,5.8,7.6,10.0,2.4,0.2,1.8,0.2
2026-03-07,Osasuna,Mallorca,X,1.1538461538461537,1.1538461538461537,10.846153846153847,3.3461538461538463,3.230769230769231,13.538461538461538,2.4615384615384617,0.15384615384615385,1.2,1.0,10.0,2.2,3.8,15.8,2.6,0.0,1.6,0.2,1.1153846153846154,1.6153846153846154,10.038461538461538,3.769230769230769,3.423076923076923,11.384615384615385,2.1538461538461537,0.11538461538461539,1.0,1.8,8.2,3.0,3.8,11.4,2.0,0.0,0.6,-0.6
2026-03-07,Levante,Girona,X,1.0769230769230769,1.6923076923076923,11.038461538461538,3.269230769230769,3.730769230769231,12.153846153846153,2.1153846153846154,0.11538461538461539,0.8,2.0,11.6,3.0,5.0,11.6,1.8,0.4,0.6,-0.6,1.0384615384615385,1.6153846153846154,10.038461538461538,4.038461538461538,4.269230769230769,10.961538461538462,2.269230769230769,0.2692307692307692,1.2,1.4,12.4,5.6,6.0,10.8,1.8,0.2,1.0,-0.2
2026-03-07,Ath Madrid,Sociedad,1,1.6538461538461537,0.8846153846153846,13.192307692307692,5.384615384615385,6.730769230769231,11.23076923076923,1.8076923076923077,0.07692307692307693,1.0,1.2,11.8,4.4,6.0,10.2,1.8,0.0,1.4,0.0,1.4615384615384615,1.4615384615384615,13.076923076923077,4.846153846153846,5.923076923076923,14.807692307692308,2.0384615384615383,0.11538461538461539,1.8,1.8,12.0,4.4,5.0,14.4,1.4,0.2,1.6,0.2
2026-03-07,Ath Bilbao,Barcelona,2,1.1538461538461537,1.3846153846153846,14.23076923076923,4.538461538461538,5.384615384615385,13.961538461538462,2.3846153846153846,0.19230769230769232,2.0,1.2,16.0,5.0,4.2,17.2,3.0,0.0,2.2,0.6,2.730769230769231,1.0,20.576923076923077,7.461538461538462,7.538461538461538,9.26923076923077,1.5,0.07692307692307693,2.8,0.8,24.4,7.2,8.6,9.0,1.4,0.0,2.4,0.6
2026-03-08,Villarreal,Elche,1,1.8461538461538463,1.1923076923076923,11.884615384615385,4.384615384615385,4.0,12.692307692307692,2.3461538461538463,0.11538461538461539,1.8,1.6,10.2,3.4,3.6,14.2,2.6,0.0,1.8,0.2,1.3076923076923077,1.5,11.0,3.9615384615384617,3.6153846153846154,12.615384615384615,2.0384615384615383,0.07692307692307693,1.0,2.0,11.2,4.8,4.0,11.8,2.4,0.0,0.4,-0.6
2026-03-08,Getafe,Betis,1,0.8076923076923077,1.1153846153846154,9.615384615384615,2.730769230769231,4.423076923076923,14.807692307692308,2.6923076923076925,0.19230769230769232,1.0,0.4,9.2,3.0,3.0,15.8,3.0,0.4,2.0,0.4,1.6153846153846154,1.2307692307692308,14.538461538461538,4.8076923076923075,4.461538461538462,10.538461538461538,2.0,0.038461538461538464,1.6,1.0,12.4,3.8,3.2,10.8,2.2,0.0,2.2,0.6
2026-03-08,Sevilla,Vallecano,X,1.3076923076923077,1.5769230769230769,11.307692307692308,3.8846153846153846,4.923076923076923,15.115384615384615,3.0,0.15384615384615385,1.2,1.6,10.0,3.4,3.6,14.6,2.6,0.4,1.2,0.0,1.0,1.2307692307692308,13.538461538461538,4.6923076923076925,5.961538461538462,13.23076923076923,2.6153846153846154,0.2692307692307692,1.8,0.8,14.0,6.0,6.0,11.8,2.8,0.4,1.6,0.2
2026-03-08,Valencia,Alaves,1,1.0384615384615385,1.5,11.076923076923077,2.8076923076923075,5.0,12.307692307692308,2.076923076923077,0.07692307692307693,1.0,1.2,9.8,2.0,4.2,12.6,2.8,0.0,1.2,-0.2,0.8846153846153846,1.3076923076923077,12.0,3.9615384615384617,5.076923076923077,15.26923076923077,2.269230769230769,0.11538461538461539,1.0,1.6,14.0,5.2,4.8,16.4,2.2,0.2,1.0,-0.2
2026-03-09,Espanol,Oviedo,X,1.2692307692307692,1.5,12.423076923076923,4.153846153846154,4.269230769230769,13.26923076923077,2.1538461538461537,0.11538461538461539,1.6,2.8,9.0,2.8,3.6,13.6,2.2,0.2,0.4,-0.6,0.6153846153846154,1.6538461538461537,10.038461538461538,3.1538461538461537,4.076923076923077,12.653846153846153,2.1923076923076925,0.3076923076923077,1.0,1.8,10.6,3.8,4.4,11.6,1.6,0.0,0.8,-0.4
2026-03-13,Alaves,Villarreal,X,0.9259259259259259,1.3703703703703705,11.925925925925926,3.962962962962963,4.962962962962963,15.333333333333334,2.4074074074074074,0.18518518518518517,1.0,2.0,13.8,4.6,4.8,16.8,3.2,0.6,0.4,-0.6,1.8518518518518519,1.1851851851851851,12.037037037037036,4.481481481481482,4.0,12.62962962962963,2.2962962962962963,0.1111111111111111,1.4,1.6,11.4,4.2,3.4,12.8,2.2,0.0,1.8,0.2
2026-03-14,Girona,Ath Bilbao,1,1.037037037037037,1.5925925925925926,10.481481481481481,4.074074074074074,4.222222222222222,10.88888888888889,2.259259259259259,0.25925925925925924,1.4,1.4,15.0,6.4,5.8,9.4,2.0,0.2,1.2,0.0,1.1111111111111112,1.3703703703703705,14.074074074074074,4.481481481481482,5.2592592592592595,13.851851851851851,2.3703703703703702,0.18518518518518517,1.8,1.2,14.2,4.8,3.4,16.6,2.6,0.0,2.0,0.4
2026-03-14,Ath Madrid,Getafe,1,1.7037037037037037,0.9259259259259259,13.592592592592593,5.518518518518518,6.777777777777778,11.037037037037036,1.7777777777777777,0.07407407407407407,1.6,1.6,14.6,5.4,6.2,9.0,1.8,0.0,1.8,0.2,0.8518518518518519,1.0740740740740742,9.592592592592593,2.814814814814815,4.37037037037037,14.962962962962964,2.7037037037037037,0.18518518518518517,1.4,0.4,9.2,3.6,2.6,16.4,3.4,0.4,2.4,0.6
2026-03-14,Oviedo,Valencia,1,0.6296296296296297,1.6296296296296295,9.88888888888889,3.1481481481481484,3.925925925925926,12.666666666666666,2.185185185185185,0.2962962962962963,1.0,2.0,10.2,3.6,3.6,11.8,1.8,0.0,0.4,-0.6,1.1111111111111112,1.5185185185185186,11.37037037037037,3.0,5.185185185185185,12.185185185185185,2.037037037037037,0.07407407407407407,1.4,1.2,10.6,2.8,5.2,11.8,2.2,0.0,1.8,0.2
2026-03-14,Real Madrid,Elche,1,2.074074074074074,0.8518518518518519,18.25925925925926,6.814814814814815,6.555555555555555,10.11111111111111,1.8518518518518519,0.2222222222222222,1.8,1.0,13.8,5.2,7.0,11.2,2.4,0.2,1.8,0.2,1.2962962962962963,1.5185185185185186,11.074074074074074,4.037037037037037,3.7037037037037037,12.74074074074074,2.037037037037037,0.07407407407407407,1.0,1.8,12.0,5.4,4.8,12.0,2.4,0.0,0.4,-0.6
2026-03-15,Mallorca,Espanol,1,1.1481481481481481,1.6296296296296295,9.962962962962964,3.7777777777777777,3.2962962962962963,11.407407407407407,2.259259259259259,0.14814814814814814,0.6,2.0,7.6,2.4,3.0,10.6,2.8,0.2,0.2,-0.8,1.2592592592592593,1.4814814814814814,13.0,4.333333333333333,4.407407407407407,13.481481481481481,2.185185185185185,0.1111111111111111,1.6,2.6,12.6,4.0,4.4,14.4,2.8,0.2,0.6,-0.4
2026-03-15,Barcelona,Sevilla,1,2.6666666666666665,0.9629629629629629,20.074074074074073,7.2592592592592595,7.407407407407407,9.25925925925926,1.4814814814814814,0.07407407407407407,2.4,0.6,19.8,6.0,7.8,9.0,1.4,0.0,2.4,0.6,1.2962962962962963,1.5555555555555556,11.296296296296296,3.814814814814815,4.962962962962963,15.037037037037036,2.925925925925926,0.14814814814814814,1.2,1.0,9.2,2.8,3.2,15.6,2.6,0.4,1.4,0.2
2026-03-15,Betis,Celta,X,1.5555555555555556,1.2592592592592593,14.518518518518519,4.814814814814815,4.592592592592593,10.444444444444445,2.0,0.037037037037037035,1.2,1.2,12.4,4.4,4.2,9.4,2.6,0.0,1.6,0.2,1.3703703703703705,1.1111111111111112,10.962962962962964,4.148148148148148,4.148148148148148,11.222222222222221,1.8518518518518519,0.037037037037037035,1.6,1.4,13.4,5.0,4.6,8.6,1.2,0.0,1.4,0.0
2026-03-15,Sociedad,Osasuna,1,1.4814814814814814,1.5185185185185186,12.851851851851851,4.777777777777778,5.7407407407407405,14.62962962962963,2.0,0.1111111111111111,2.0,2.2,11.6,3.8,4.6,13.6,1.2,0.0,1.4,0.0,1.1851851851851851,1.1851851851851851,11.25925925925926,3.4074074074074074,3.4074074074074074,13.444444444444445,2.4444444444444446,0.18518518518518517,1.2,1.0,11.4,2.2,4.2,15.0,2.6,0.2,1.6,0.2
2026-03-16,Vallecano,Levante,X,1.0,1.2222222222222223,13.37037037037037,4.592592592592593,5.814814814814815,13.296296296296296,2.6296296296296298,0.25925925925925924,1.8,0.6,13.6,5.6,5.6,11.2,1.8,0.0,1.8,0.4,1.0740740740740742,1.6666666666666667,11.148148148148149,3.2962962962962963,3.6666666666666665,12.25925925925926,2.111111111111111,0.14814814814814814,0.6,1.4,13.2,3.2,4.8,12.6,2.0,0.4,0.8,-0.4
2026-03-20,Villarreal,Sociedad,1,1.8214285714285714,1.1785714285714286,11.964285714285714,4.464285714285714,3.9285714285714284,12.571428571428571,2.25,0.10714285714285714,1.4,1.4,11.8,4.6,3.0,11.6,1.8,0.0,2.0,0.4,1.5357142857142858,1.5,12.892857142857142,4.821428571428571,5.642857142857143,14.678571428571429,2.0357142857142856,0.10714285714285714,2.0,2.2,12.2,4.4,4.8,14.0,1.8,0.0,1.4,0.0
2026-03-21,Elche,Mallorca,1,1.2857142857142858,1.6071428571428572,11.071428571428571,3.9285714285714284,3.7142857142857144,13.035714285714286,2.0714285714285716,0.07142857142857142,1.0,2.0,12.0,4.6,4.8,14.6,2.2,0.0,0.4,-0.6,1.1785714285714286,1.6071428571428572,10.535714285714286,4.071428571428571,3.357142857142857,11.392857142857142,2.2857142857142856,0.14285714285714285,1.0,1.6,11.0,4.0,3.4,11.0,3.4,0.2,0.8,-0.4
2026-03-21,Espanol,Getafe,2,1.25,1.5,12.892857142857142,4.25,4.464285714285714,13.5,2.2142857142857144,0.14285714285714285,1.6,2.2,12.8,4.0,4.0,15.0,2.8,0.4,0.6,-0.4,0.8214285714285714,1.0714285714285714,9.5,2.8214285714285716,4.321428571428571,14.821428571428571,2.7142857142857144,0.21428571428571427,1.0,0.6,7.2,3.2,2.6,14.6,3.0,0.6,1.8,0.2
2026-03-21,Levante,Oviedo,1,1.0714285714285714,1.6428571428571428,11.428571428571429,3.357142857142857,3.75,12.285714285714286,2.2142857142857144,0.14285714285714285,0.8,1.2,15.2,4.0,5.4,13.0,2.4,0.2,1.0,-0.2,0.6428571428571429,1.5714285714285714,9.928571428571429,3.25,3.9285714285714284,12.642857142857142,2.2142857142857144,0.2857142857142857,1.0,1.6,11.0,4.6,4.0,12.6,2.0,0.0,1.0,-0.2
2026-03-21,Osasuna,Girona,1,1.1785714285714286,1.25,11.321428571428571,3.4642857142857144,3.4642857142857144,13.357142857142858,2.357142857142857,0.17857142857142858,1.0,1.4,12.4,2.8,4.6,14.4,2.2,0.2,1.0,-0.2,1.1071428571428572,1.5357142857142858,10.607142857142858,4.142857142857143,4.142857142857143,10.785714285714286,2.1785714285714284,0.25,1.8,1.2,14.8,6.4,4.8,8.4,1.4,0.2,1.6,0.2
2026-03-21,Sevilla,Valencia,2,1.3214285714285714,1.6785714285714286,11.178571428571429,3.8214285714285716,4.928571428571429,15.0,2.857142857142857,0.14285714285714285,1.4,1.8,8.6,3.0,3.0,15.2,2.2,0.4,1.2,0.0,1.0714285714285714,1.5,11.428571428571429,2.9642857142857144,5.25,12.142857142857142,2.0357142857142856,0.07142857142857142,1.4,1.0,11.8,3.2,5.6,12.0,2.4,0.0,1.8,0.2
2026-03-22,Barcelona,Vallecano,1,2.75,1.0,19.821428571428573,7.285714285714286,7.25,9.107142857142858,1.4285714285714286,0.07142857142857142,2.8,1.0,17.6,6.2,6.0,8.6,1.4,0.0,2.4,0.6,1.0,1.2142857142857142,13.535714285714286,4.571428571428571,5.785714285714286,13.178571428571429,2.642857142857143,0.2857142857142857,1.4,0.8,14.6,4.6,5.8,11.2,2.2,0.2,1.4,0.2
2026-03-22,Celta,Alaves,2,1.3571428571428572,1.1071428571428572,10.821428571428571,4.107142857142857,4.142857142857143,11.392857142857142,1.8928571428571428,0.03571428571428571,1.6,1.2,11.2,4.8,4.0,10.0,1.4,0.0,1.6,0.2,0.9285714285714286,1.3571428571428572,11.785714285714286,3.8214285714285716,4.964285714285714,15.464285714285714,2.4642857142857144,0.17857142857142858,1.2,1.8,12.8,3.6,4.6,16.6,3.6,0.6,0.6,-0.4
2026-03-22,Ath Bilbao,Betis,1,1.0714285714285714,1.4285714285714286,14.285714285714286,4.642857142857143,5.392857142857143,13.928571428571429,2.357142857142857,0.17857142857142858,1.0,1.4,13.8,5.2,4.4,16.4,2.6,0.0,1.4,0.0,1.5357142857142858,1.25,14.678571428571429,4.857142857142857,4.535714285714286,10.464285714285714,2.0,0.03571428571428571,1.2,1.4,14.6,4.8,4.2,11.0,2.8,0.0,1.2,0.0
2026-03-22,Real Madrid,Ath Madrid,1,2.142857142857143,0.8571428571428571,18.107142857142858,6.785714285714286,6.5,10.142857142857142,1.8214285714285714,0.21428571428571427,2.2,1.2,14.4,5.2,6.4,10.8,2.4,0.2,1.8,0.2,1.6785714285714286,0.8928571428571429,13.678571428571429,5.5,6.892857142857143,11.035714285714286,1.8214285714285714,0.07142857142857142,1.8,1.4,15.8,5.4,6.8,8.8,1.8,0.0,2.4,0.6
2026-04-03,Vallecano,Elche,1,0.9655172413793104,1.206896551724138,13.344827586206897,4.551724137931035,5.896551724137931,13.10344827586207,2.689655172413793,0.27586206896551724,1.2,0.8,13.8,4.8,6.6,10.8,2.4,0.2,1.2,0.0,1.3103448275862069,1.5862068965517242,11.137931034482758,3.9310344827586206,3.6551724137931036,13.0,2.0689655172413794,0.06896551724137931,1.4,2.2,11.2,4.4,3.2,14.4,2.2,0.0,0.8,-0.4
2026-04-04,Sociedad,Levante,1,1.5172413793103448,1.5517241379310345,12.827586206896552,4.793103448275862,5.620689655172414,14.551724137931034,2.0344827586206895,0.10344827586206896,2.0,2.0,11.8,4.6,4.6,14.4,2.0,0.0,1.4,0.0,1.1724137931034482,1.6551724137931034,11.724137931034482,3.5172413793103448,3.7241379310344827,12.448275862068966,2.206896551724138,0.13793103448275862,1.6,1.4,16.0,4.8,5.4,13.8,2.2,0.2,1.6,0.2
2026-04-04,Mallorca,Real Madrid,1,1.1724137931034482,1.6206896551724137,10.551724137931034,4.068965517241379,3.310344827586207,11.379310344827585,2.2758620689655173,0.13793103448275862,1.0,1.6,10.4,4.2,2.4,10.0,3.0,0.2,0.8,-0.4,2.1724137931034484,0.896551724137931,18.06896551724138,6.896551724137931,6.413793103448276,9.862068965517242,1.793103448275862,0.2413793103448276,2.0,1.4,15.6,6.2,6.4,9.2,2.4,0.4,1.8,0.2
2026-04-04,Betis,Espanol,X,1.5172413793103448,1.2758620689655173,14.551724137931034,4.793103448275862,4.551724137931035,10.310344827586206,1.9655172413793103,0.034482758620689655,1.0,1.6,13.4,3.8,4.6,10.2,2.4,0.0,0.6,-0.4,1.2413793103448276,1.5172413793103448,12.96551724137931,4.275862068965517,4.724137931034483,13.517241379310345,2.206896551724138,0.13793103448275862,1.4,2.2,14.0,4.4,6.0,16.0,3.0,0.4,0.4,-0.6
2026-04-04,Ath Madrid,Barcelona,2,1.6896551724137931,0.9655172413793104,13.655172413793103,5.551724137931035,6.689655172413793,11.172413793103448,1.896551724137931,0.06896551724137931,2.2,1.4,16.6,6.2,5.4,9.2,2.0,0.0,2.4,0.6,2.689655172413793,0.9655172413793104,19.655172413793103,7.172413793103448,7.206896551724138,9.206896551724139,1.4827586206896552,0.06896551724137931,2.8,0.6,15.2,6.2,5.8,9.8,1.6,0.0,3.0,1.0
2026-04-05,Getafe,Ath Bilbao,1,0.8620689655172413,1.0689655172413792,9.517241379310345,2.896551724137931,4.482758620689655,15.0,2.8620689655172415,0.20689655172413793,1.0,0.6,8.2,3.8,3.8,14.4,4.0,0.6,1.8,0.2,1.103448275862069,1.4137931034482758,14.172413793103448,4.689655172413793,5.413793103448276,13.793103448275861,2.310344827586207,0.1724137931034483,1.0,1.4,13.4,5.6,5.0,14.4,2.2,0.0,1.4,0.0
2026-04-05,Valencia,Celta,2,1.103448275862069,1.4482758620689655,11.344827586206897,3.0,5.172413793103448,11.931034482758621,2.0,0.06896551724137931,1.4,1.0,12.6,3.6,5.8,11.2,2.2,0.0,1.8,0.2,1.4137931034482758,1.206896551724138,10.862068965517242,4.137931034482759,4.137931034482759,11.448275862068966,1.896551724137931,0.034482758620689655,1.8,1.6,10.8,4.8,4.4,10.4,1.8,0.0,1.4,0.0
2026-04-05,Oviedo,Sevilla,1,0.6896551724137931,1.6551724137931034,9.931034482758621,3.206896551724138,3.8275862068965516,12.827586206896552,2.2413793103448274,0.27586206896551724,0.8,1.8,10.2,3.8,3.0,13.0,2.4,0.0,0.8,-0.4,1.2758620689655173,1.6896551724137931,11.241379310344827,3.7586206896551726,4.793103448275862,14.931034482758621,2.8275862068965516,0.13793103448275862,1.2,2.0,10.4,3.0,3.2,14.6,1.6,0.0,1.0,-0.2
2026-04-05,Alaves,Osasuna,X,1.0344827586206897,1.4137931034482758,11.862068965517242,3.896551724137931,4.827586206896552,15.482758620689655,2.4482758620689653,0.1724137931034483,1.8,2.2,13.2,4.6,4.2,17.2,4.0,0.6,1.0,-0.2,1.1724137931034482,1.206896551724138,11.586206896551724,3.7241379310344827,3.5517241379310347,13.517241379310345,2.3448275862068964,0.1724137931034483,1.2,1.4,15.0,4.6,5.2,14.4,1.8,0.2,1.4,0.0
2026-04-06,Girona,Villarreal,1,1.0689655172413792,1.5172413793103448,10.413793103448276,4.0,4.068965517241379,10.655172413793103,2.1379310344827585,0.2413793103448276,1.4,1.2,13.2,4.6,4.6,7.8,1.4,0.0,1.0,-0.2,1.8620689655172413,1.1724137931034482,12.275862068965518,4.655172413793103,3.9310344827586206,12.482758620689655,2.1724137931034484,0.10344827586206896,1.8,1.6,13.0,5.4,3.4,9.6,1.0,0.0,2.0,0.4
